ID,E+_cp,E+_reg,US_cp,US_reg,CN_cp,CN_reg,IN_cp,IN_reg,ROW_cp,ROW_reg,learning_solar,learning_wind,lifetime_solar,lifetime_wind,grid_expansion_lead,south_discr,north_discr
S3_0,0.4121779649945586,0.6418848119288846,0.9934865199102939,0.01936439995831106,0.9493656496064752,0.6795759841818909,0.5905295781041323,0.1363137636667925,0.7387326379626286,0.9407604266259219,-0.2506299447377767,-0.157430601916396,26.0,29.0,3.0,0.196,0.114
S3_1,0.7182407333324374,0.687803660222163,0.7015947846652446,0.44155151247186586,0.8610297682297894,0.6306571349996971,0.5594003313553185,0.9556368994246899,0.36147616251548315,0.2832960898762472,-0.02080090303608778,-0.024921102002797013,27.0,29.0,2.0,0.233,0.11
S3_2,0.8796471623839299,0.21684952632640878,0.24069589641068878,0.03315312165633005,0.015826774659490315,0.22514112662675018,0.7463163600325038,0.3106898144144791,0.2735670584075333,0.26086322040297844,0.0011274427187417113,-0.08698921753388793,25.0,34.0,1.0,0.22,0.108
S3_3,0.5421230091445397,0.3105747121469024,0.576221481645397,0.6476102246264711,0.20702388975335118,0.43313402519589755,0.9394456931318769,0.06241487546982298,0.90004025697695,0.6735552633763832,-0.05435774180754818,-0.11523611776147208,33.0,32.0,3.0,0.193,0.132
S3_4,0.025116206487783108,0.602334248622723,0.9761254685954734,0.5750820435875403,0.4423782188790163,0.010273772291984107,0.4202966336989777,0.0008090506530905943,0.7861275746812567,0.9755386143709074,-0.07979818559600488,-0.014527947312516637,30.0,29.0,2.0,0.21,0.138
S3_5,0.22302819158815804,0.8389054114511942,0.7180790923137794,0.16738041387405553,0.3603915624728467,0.48705898838315387,0.6690641408307179,0.8823880868448587,0.20954781121520263,0.9099448835421318,-0.26597687596517194,0.001188726781816113,33.0,27.0,1.0,0.212,0.149
S3_6,0.26549591476413337,0.7624665034414819,0.0176820465965026,0.6421546591238486,0.1118159951297376,0.07480896764061915,0.17032925718478317,0.4898953587863484,0.029585593800035816,0.607951518361047,-0.0955902674399936,-0.03234250173565936,33.0,29.0,1.0,0.243,0.205
S3_7,0.2442581796021471,0.7186725381831481,0.9310027925332784,0.592337006631793,0.6723008038441654,0.6560694327859736,0.465323960883667,0.2989385043482777,0.4282372592065808,0.5289872088005404,-0.2793797697179728,0.04168852036594414,31.0,27.0,2.0,0.23,0.16
S3_8,0.006107284746596814,0.13542131675372468,0.6572933277595052,0.21934058671678272,0.12129445748686572,0.7912437639961322,0.08585683742724616,0.35009057744870536,0.23057123765826515,0.29069940582919374,0.01996806712259841,0.015892272721383605,32.0,32.0,2.0,0.209,0.153
S3_9,0.24888955311045954,0.9127364297154068,0.39777046286186873,0.8923684986793743,0.7248440165738935,0.39530890919643885,0.26647140476601144,0.4659834002000565,0.6805932052849557,0.4238628858796494,-0.2046023297618603,-0.0776894137943059,25.0,27.0,3.0,0.21,0.15
S3_10,0.8248566070362983,0.7013588732790776,0.07847862378327185,0.641369351854516,0.8350476239125159,0.27385578606587035,0.3069313811432451,0.18499221253712503,0.49375268779130477,0.35031019391899,-0.022686156421555193,-0.04386414903061668,30.0,33.0,1.0,0.158,0.063
S3_11,0.5915320742317219,0.47673038051309763,0.34292572604506977,0.08769216657934224,0.6580071024305321,0.9475301083228824,0.07814862884794282,0.8442648463624701,0.3762034488913415,0.5779649257149165,0.03578990494843182,-0.041037393600484556,30.0,34.0,3.0,0.213,0.052
S3_12,0.4832878564361418,0.525693540227295,0.5317332619751518,0.6219951851332071,0.5224855090603554,0.057705312067834545,0.4693865215293062,0.7818357508522528,0.08332583658651072,0.4164769239086906,-0.14021953162103584,-0.08061420961000042,30.0,33.0,2.0,0.23,0.219
S3_13,0.5670674923623555,0.14436231992672216,0.6901214046569939,0.47879847411112864,0.2658779527703053,0.6230283962840856,0.9153119363421038,0.7046301977541153,0.5208094799749716,0.5513721111399185,-0.2976843267927621,-0.03653579064106954,30.0,28.0,1.0,0.167,0.158
S3_14,0.5052054327769612,0.09898190229633429,0.04474895783569078,0.8421327848394009,0.2866515922208614,0.1196966477262466,0.31488219110155274,0.8949171116902145,0.11973610639970192,0.6525376475167577,-0.04921560464882241,-0.15610479829464152,25.0,34.0,3.0,0.131,0.098
S3_15,0.35502993458880344,0.27185334715219533,0.9268752608845271,0.08277434123714572,0.7585014125040251,0.7014588726241388,0.5130329850716066,0.8469836165399336,0.33463505144132205,0.08172663553903939,-0.08119511092104412,0.009334358101271867,25.0,28.0,3.0,0.205,0.12
S3_16,0.501981113826116,0.535783942286309,0.8639110989621901,0.44788403935351695,0.556726831338081,0.8931954205686261,0.03997875398889332,0.17308710732142701,0.7628407576871521,0.4062086426464099,-0.07234544109794405,-0.09190063390525902,34.0,33.0,1.0,0.242,0.178
S3_17,0.9878461843074737,0.390610906608542,0.03533398910245657,0.4854758940398955,0.7348928860560591,0.739894580921006,0.6431664224472177,0.8212099773929358,0.2672725759636313,0.7308969178694859,-0.13595230703385122,-0.1511416703289085,33.0,32.0,1.0,0.245,0.22
S3_18,0.34006430214391137,0.2742982763161789,0.8021998048069763,0.9590297061959479,0.4077052625663646,0.9677581831499498,0.2252000623530164,0.5144214412690186,0.7472881890847723,0.8559068057708437,-0.20143978476084268,-0.14055703095609257,25.0,34.0,2.0,0.165,0.079
S3_19,0.9441781901541794,0.4653293942061259,0.8379656874057249,0.2956068854811572,0.9018907062597545,0.19114308160643367,0.8511240556604991,0.7698611546728096,0.4131193457274817,0.5417525653156865,-0.2606832354282423,-0.09972308604048866,31.0,26.0,2.0,0.102,0.055
S3_20,0.2867184878127947,0.5739452164748297,0.8512277959518866,0.8991919833004826,0.7840150340484592,0.712019101581702,0.1488162693542519,0.6716585796703249,0.6847255881588044,0.09032323180086578,-0.24849228518855032,-0.02382155205800804,30.0,34.0,2.0,0.107,0.095
S3_21,0.21350761728775958,0.7859865253232335,0.1020856239641075,0.5638782973990123,0.5895994804672101,0.4685272973599372,0.7643309187054951,0.15144759393174836,0.9550173824936253,0.3334363624317508,0.04164323124060648,-0.04736176861722928,33.0,33.0,1.0,0.196,0.1
S3_22,0.9098950410696764,0.18098267251155106,0.1710597576095072,0.21513061424850366,0.42541923554042294,0.6090833054712101,0.16527995424545028,0.2967355473712841,0.9007343036393123,0.8736547736739049,-0.06247732844584253,0.022159659083152844,33.0,28.0,1.0,0.159,0.08
S3_23,0.9535833124077017,0.4191222561187867,0.8182098568698183,0.7815767535307592,0.319625139869303,0.7319937919172649,0.038626198169294926,0.6469404433413686,0.7355390319597617,0.5467086809765468,-0.2047966721629623,-0.01514522452244077,34.0,34.0,1.0,0.206,0.091
S3_24,0.08384149729360374,0.5558015648813137,0.4046302817531201,0.4599589259938749,0.33193796776353013,0.24650622620476798,0.5724106393759505,0.9491351323164097,0.9451571786915626,0.32748485820430845,-0.00024637002438776534,-0.026355491168715328,29.0,33.0,3.0,0.154,0.067
S3_25,0.40035790285506123,0.1291236723284601,0.029199546109959635,0.659939642808686,0.1545293104668537,0.9360838199228064,0.08424507504872769,0.4248309776480387,0.05931937378116222,0.24317591554000975,-0.21043926914917263,-0.15722461597757953,34.0,26.0,3.0,0.061,0.059
S3_26,0.7031833361365784,0.8735348718065218,0.16045222665554248,0.26158573603441454,0.01153821160640517,0.7044352646211249,0.41734223730987946,0.6972257482662735,0.16362336753863088,0.2513980149997846,-0.23521603140278297,-0.097715272653421,31.0,28.0,2.0,0.165,0.074
S3_27,0.8701488362925892,0.8756954618909136,0.11246907692846082,0.4472889010439929,0.4549203970385717,0.561171954307125,0.8422175817911409,0.543679427361019,0.5051039110856106,0.8133255178300948,-0.25597833152190996,0.008956221714332052,26.0,25.0,2.0,0.186,0.078
S3_28,0.7164003407484391,0.022114692121245984,0.1452851321971323,0.026503181249095217,0.3709417182139854,0.14850193262629421,0.8618093270305631,0.20442653248562567,0.5897224716564003,0.26780052108872426,0.03770521489036377,-0.12215015295351997,28.0,31.0,2.0,0.246,0.097
S3_29,0.8362584509863673,0.1580044353356098,0.1344658496080425,0.36623717718650023,0.7960798664234058,0.3477982117729804,0.14185292343453376,0.17510405194586737,0.9632659680703279,0.5861104560912029,-0.2768487435649104,-0.043608211729405266,25.0,34.0,1.0,0.172,0.056
S3_30,0.8878367139911881,0.8069373729069217,0.1992166043892253,0.5530159732100559,0.4019073601947757,0.14953497098388271,0.6815940599779079,0.260171261322047,0.8315412006968173,0.011517552317903858,-0.20145709525634,0.025363218563340756,27.0,25.0,3.0,0.244,0.227
S3_31,0.6968698225959858,0.5429187140181168,0.06821252635360722,0.27266204465335203,0.7783168568686913,0.40797133521503015,0.6625993944737176,0.4296718330360573,0.3212413186010942,0.026446582400002843,0.043636654314572365,-0.15145584438579204,32.0,33.0,1.0,0.188,0.104
S3_32,0.17821792307373593,0.7751858713391125,0.31506154442617684,0.8204518212004849,0.22858662870627589,0.7558697074881643,0.336470998983646,0.4826519629899425,0.7591154212763199,0.5550978629747059,-0.28305949967012867,-0.15714297466807395,33.0,31.0,2.0,0.184,0.148
S3_33,0.41615509006093887,0.46014959295170726,0.4712454170469585,0.6087765875971125,0.15022413183955585,0.92771436042277,0.9171548428651114,0.7995995687674823,0.1429903333109695,0.40042497151841666,0.04258885859224887,-0.10762858140918183,33.0,31.0,2.0,0.161,0.08
S3_34,0.7296770687506752,0.484440693080056,0.7220037190228249,0.4095770034486807,0.6045022816193678,0.3603472015636054,0.11630683023178619,0.03726341450316038,0.2349887876694574,0.1941251248874564,-0.11052058204045415,-0.01787866894351417,27.0,34.0,1.0,0.176,0.136
S3_35,0.1276275095877985,0.7077203974991609,0.4416383314729636,0.7785972785166196,0.9517987102245796,0.3263067199107775,0.004084450457292837,0.9609188196936511,0.6630336337280611,0.37520121331112594,0.04264243230345477,-0.03287230880508521,34.0,33.0,3.0,0.226,0.141
S3_36,0.3746425079422429,0.49029062713214816,0.059134343630372795,0.9415704420371638,0.9932678633611092,0.01568572628196031,0.6287631065787068,0.43373978075315106,0.5341354173324263,0.8861305441613126,0.009510552584379495,-0.016982771280606823,27.0,26.0,3.0,0.227,0.09
S3_37,0.97033509243995,0.03191242993527635,0.2621066666005403,0.23769725603679748,0.5651644929271389,0.04009088223909748,0.2433165222605158,0.1227984085870371,0.6889478981049327,0.46109816941946924,-0.24899744928965983,0.021294686384119355,33.0,27.0,2.0,0.137,0.053
S3_38,0.3674419837513194,0.9486416707310787,0.6301629539891831,0.5362275350881485,0.3639872962511328,0.6348853047356628,0.0244842429032297,0.4524677211128808,0.3474347481662508,0.891254899629703,-0.1855074978505403,0.016999487783938255,33.0,25.0,2.0,0.174,0.101
S3_39,0.4910307443873796,0.008136587248972321,0.42238812911938134,0.5139151152700068,0.8728212637399979,0.5501817333259161,0.92804143577584,0.8993831336912954,0.6322593091671596,0.8100215574442896,-0.073063125449838,0.027234443416968318,26.0,33.0,3.0,0.099,0.091
S3_40,0.3866391399542542,0.8168181418516057,0.7412496662857719,0.30798504984649555,0.02187019452330825,0.08100235160886639,0.47696576230737187,0.03148438579237744,0.3864862847238694,0.04924669971032259,-0.04289659076824448,-0.016259519233655984,32.0,25.0,3.0,0.203,0.155
S3_41,0.3077586656408306,0.5944974745692965,0.8784276278238063,0.07527809231215252,0.8149463169663406,0.5065959887696846,0.4332849530040872,0.8081959725066672,0.28872002198558205,0.273018862704324,-0.2648740942715909,-0.12379091851466958,30.0,32.0,2.0,0.231,0.146
S3_42,0.10252654672453951,0.9989284437153382,0.21305752679527876,0.4332366669873196,0.6344211367703315,0.5131657396648017,0.6143731943844533,0.5252396244415294,0.5085220897423088,0.15855737441648338,-0.2552354493501159,-0.06700614915683434,29.0,33.0,3.0,0.222,0.135
S3_43,0.638184967667479,0.3242302535997401,0.6823083592291809,0.9475617911312383,0.16690086819311925,0.7711081785069651,0.061314191592413136,0.5034820507460892,0.20883668455495538,0.8820303416298332,-0.21037009862945744,0.014941202575930762,34.0,26.0,1.0,0.126,0.114
S3_44,0.3228160956151039,0.22718621792171972,0.2908877680983012,0.5714003816904292,0.8255292801955019,0.7472982922822589,0.8490801597852563,0.7385199185037596,0.032611722799941276,0.1803421967756697,-0.08371192608963599,-0.12974925903992046,28.0,28.0,2.0,0.171,0.067
S3_45,0.020334783270083992,0.8858137982756674,0.7503881520736858,0.7538703099944151,0.8778947200713355,0.38646740483642344,0.9788993080052297,0.6430697761662932,0.18412778820789377,0.8355301141892435,-0.2610208131175025,0.010430732792331782,29.0,26.0,2.0,0.108,0.103
S3_46,0.814671277409682,0.5218788424975976,0.9242871704217831,0.13097036432269887,0.32835050726475795,0.6381048932707437,0.7296896261754693,0.6237432247906909,0.6199568441877878,0.7767976282176781,-0.2542172503283599,0.012705657435556378,26.0,25.0,3.0,0.2,0.091
S3_47,0.7401782292844352,0.4103952613920936,0.9045915385156965,0.09897095411544181,0.9440680450570298,0.36842702413808687,0.7969968705090584,0.05254133480698614,0.3581513156632205,0.619644131680295,-0.12871298267290335,-0.061537127717491855,27.0,33.0,3.0,0.117,0.081
S3_48,0.16137200569184293,0.41405280847202697,0.8102403631036803,0.3801826382021318,0.20236964026963786,0.4289023690829031,0.7263211660586458,0.8883929803020468,0.8797891079249117,0.06528043980453996,-0.04668497834203689,0.001232398232109716,34.0,34.0,3.0,0.171,0.066
S3_49,0.2433919549863044,0.7457795641339594,0.20750491127182566,0.7990519403264168,0.06689585408196624,0.5000022131212283,0.006319480311134751,0.36461890189403,0.24010767956949264,0.8208734828187801,-0.2588035331526265,0.016174912602223007,30.0,27.0,3.0,0.221,0.069
S3_50,0.04680937084855574,0.18752240763774197,0.07060473450021565,0.06600388452913601,0.21995322462580058,0.9820436365906725,0.15425502433238503,0.06670375816739996,0.4691031062853498,0.596239233958151,-0.041789026399203844,-0.09958165124199203,28.0,28.0,1.0,0.209,0.071
S3_51,0.9200252029132295,0.4334617590588956,0.5103536184076428,0.5258305238805715,0.19175258669234696,0.744148505999485,0.030877745555079193,0.6277542246599034,0.5276248246981953,0.7234972607887912,-0.0293367413065439,-0.053374935510789256,27.0,28.0,2.0,0.128,0.066
S3_52,0.6890790652804055,0.3490582827099342,0.6057115651285496,0.4320165466094466,0.2928972708186667,0.7906236483103762,0.3753006721494593,0.1614457515544615,0.22770957493742353,0.4696235769700697,-0.10201388753706167,0.01002234377866304,30.0,26.0,2.0,0.231,0.126
S3_53,0.31549964088555194,0.11103952341380824,0.553654314275031,0.8590806539553901,0.714809160751314,0.6589342187018232,0.4106538527302963,0.6796586720712794,0.33299453062959394,0.4341823124010357,-0.0650489991183591,-0.11494572630926711,33.0,25.0,3.0,0.088,0.084
S3_54,0.9775571638419973,0.7344171648678398,0.8144971344760622,0.9081631793798621,0.1331535728849513,0.8454454970146965,0.5074951868813993,0.9658173832264325,0.6427649027404961,0.5628301689343885,-0.21228323090802642,-0.05372741443893286,26.0,25.0,1.0,0.067,0.066
S3_55,0.8274196106953685,0.585493807482229,0.6660860127459194,0.7879289949671204,0.6109510160484455,0.8166765593796946,0.43919075064966706,0.8625498462155629,0.06619001949846408,0.30610411689362904,-0.11832702873012729,-0.09138070080876351,34.0,27.0,3.0,0.125,0.103
S3_56,0.03679815377227801,0.7247345477502711,0.9452742904632025,0.4560699298981569,0.042777556155119925,0.9553615470083063,0.42554803121140955,0.6906146029824926,0.17265597741877742,0.9841349817379833,-0.1315688336658368,-0.010709590344259612,30.0,26.0,1.0,0.073,0.052
S3_57,0.07422847219955107,0.12199530484399596,0.8605359203104633,0.19605804113301006,0.02597989961891421,0.3163158079814332,0.5492812711063086,0.6375277203964098,0.8892349207816638,0.9321294530218236,-0.19071150958661748,0.0423172653512707,31.0,31.0,1.0,0.215,0.152
S3_58,0.2284735246785234,0.05057707998368193,0.17758687331290474,0.002122681747101671,0.6424014966171006,0.8251047845889697,0.3587625260139804,0.5223458970714556,0.6605517724790398,0.4854088284883299,-0.2730588764323027,0.00044935150369790344,33.0,28.0,3.0,0.204,0.103
S3_59,0.8036781051928935,0.6138555065884026,0.8986927779730604,0.6862973682910469,0.005439718015113552,0.23088977281174342,0.9047467230342736,0.08504665181648595,0.8050504007876494,0.707272303441463,0.022625322619617527,-0.14346806095430897,33.0,31.0,2.0,0.172,0.146
S3_60,0.30285927203049495,0.3855931332193203,0.8357996142243821,0.21136304699362807,0.2102077716425199,0.4568849669836657,0.7317397209721369,0.9921859645550393,0.43934764867770204,0.393495636477395,-0.08142266923554367,0.029977157827079104,33.0,28.0,1.0,0.223,0.053
S3_61,0.4316753366962209,0.8449694289191447,0.1066860538525794,0.19158466517406533,0.5831858203314504,0.5389367921844794,0.9641620257123688,0.09651167197194802,0.4799755111751647,0.7400320313503744,-0.19042278131167187,-0.00616073798775893,28.0,28.0,2.0,0.163,0.104
S3_62,0.8828779679727085,0.9378757597771638,0.5801424104046341,0.6901451906325161,0.4156235223096776,0.48783452637576374,0.366410507216477,0.30671243145764815,0.7003718686401034,0.020100382482364638,-0.2262394253659828,0.012631634318125945,26.0,30.0,1.0,0.15,0.128
S3_63,0.44519401467400316,0.1697290785619423,0.27337341970339657,0.8148009460257433,0.3381425610331947,0.050880884990603656,0.6513992901677538,0.47988063898424194,0.041319366892859435,0.09983628578798862,-0.006140077137396338,-0.12326202252459123,25.0,25.0,1.0,0.155,0.065
S3_64,0.6188405541110483,0.7933037427239674,0.3102036960682267,0.7347267350954533,0.594478426719457,0.14391148884146673,0.7538286668835591,0.411403892918319,0.6119734877299882,0.3604928149938923,-0.18110818061429262,0.009623534148861579,31.0,30.0,3.0,0.141,0.094
S3_65,0.343453620086689,0.5674747774884471,0.3311215472104441,0.3263724446485738,0.9698576596747984,0.8755901003045986,0.18094251529182243,0.6635604509630789,0.42598824137318864,0.4466363024284925,-0.07949306279672955,-0.0344615349771249,27.0,27.0,1.0,0.209,0.103
S3_66,0.1994882983343897,0.5316338296325128,0.7336492644530747,0.7062312546460107,0.34110426987215003,0.9761952164806971,0.7140375647709227,0.5419254393214362,0.7115825335647137,0.7030303863587292,0.013550200570417337,-0.12150808635928814,32.0,30.0,2.0,0.173,0.121
S3_67,0.9816107186309316,0.17695747156441968,0.29734648928685664,0.7923265951338251,0.3433047752961967,0.17279874525825908,0.2564826897388684,0.19439175891136756,0.44402124110417374,0.12990108079025756,-0.20092682761449182,0.01643393522509068,26.0,34.0,2.0,0.078,0.052
S3_68,0.47050327198020087,0.9201592487611109,0.7795819376039445,0.08986646297788925,0.9596327303419715,0.5899430167614518,0.5032169280186035,0.8059265739732363,0.018268653896405213,0.84297222211818,-0.20074617070327616,-0.1279009692550809,34.0,28.0,2.0,0.207,0.087
S3_69,0.016007638282447688,0.43912001239889226,0.5139588163298341,0.7275381902776467,0.45206784792219523,0.2675091250372162,0.2822834190875093,0.6708845735291373,0.4500888133807606,0.5766960112961875,-0.20552006412211454,-0.006805200222012697,32.0,33.0,1.0,0.235,0.096
S3_70,0.9141611941628519,0.23697047941784127,0.5963363319789021,0.9343903327939773,0.4334913928286963,0.8092146714750192,0.8966627877963608,0.36010105102475465,0.5013907002802299,0.16690215484412826,-0.13057077287013302,-0.11964717600884134,25.0,34.0,1.0,0.222,0.07
S3_71,0.08831568884027446,0.5074402089408528,0.26851577259066356,0.02118720788771937,0.6371635793432144,0.5780090610853954,0.6597006514233776,0.9358797390729637,0.05065294128233875,0.9142233130229753,-0.1539933352890991,-0.059630181749520034,34.0,31.0,1.0,0.233,0.097
S3_72,0.2360301306083834,0.752297666130826,0.9140701441876258,0.5990979993911973,0.6827390822146976,0.2495693996431272,0.8558051073227735,0.11718042523918659,0.8908717427272913,0.25401181318293736,-0.24583164861717738,-0.15147901806212674,25.0,33.0,2.0,0.168,0.159
S3_73,0.7565561754122896,0.5115835481958757,0.9438979986330216,0.14752310258632476,0.8811968582901163,0.9097005087264202,0.736734188651997,0.6202403445101321,0.20077341603161225,0.4902743963866463,-0.06486718872810132,-0.01708074137486712,30.0,34.0,3.0,0.179,0.102
S3_74,0.8427862275208932,0.987144536674854,0.048089697204421106,0.3910027239905644,0.2544005851154299,0.9332891836492335,0.48753430010554183,0.7272657290792254,0.8263839951563294,0.11458017240125282,-0.13648031590746548,-0.07919377755262019,30.0,25.0,2.0,0.102,0.088
S3_75,0.4654949002402525,0.5795451926643137,0.08166966590501792,0.6349300825477343,0.5771003099579209,0.2846727556490935,0.3445299640934418,0.8798058802059708,0.854534519271008,0.9547162074592741,-0.0664078745668609,0.015106473975170093,33.0,28.0,1.0,0.195,0.055
S3_76,0.5244556427893441,0.7472291989376061,0.32678986773606405,0.46810192633071857,0.050889807774245725,0.8462875376489215,0.8882554285140374,0.2716374037837209,0.4611142748156573,0.9869820378432658,-0.1850765990464029,-0.11211501983901481,33.0,25.0,1.0,0.2,0.113
S3_77,0.6433661103790216,0.21364058479466555,0.5066305846466957,0.6159745967108117,0.6165823983325739,0.304661807478962,0.18913647879388656,0.056514436465846425,0.5131751192998191,0.4781111966468813,-0.04378225839531796,-0.08713430320228466,29.0,30.0,3.0,0.183,0.086
S3_78,0.12149609464131667,0.12960966651361303,0.9893150843543413,0.07414203165594219,0.18867029318551276,0.2731349973684395,0.9708941048586465,0.6527614323811856,0.867773682436859,0.16244420312092936,-0.24889552871314558,-0.1126808123051877,28.0,28.0,3.0,0.132,0.119
S3_79,0.631192722778864,0.7588688575054359,0.6017081117316008,0.5516652867045587,0.49396071437490774,0.4222111316643525,0.7020997963294121,0.4535521999701264,0.3271835890403698,0.29407464602053746,-0.2668604640994584,-0.14245433531663165,26.0,32.0,1.0,0.065,0.06
S3_80,0.49260921418101045,0.668074237670572,0.08743693869221401,0.5397195745792639,0.17815011836142272,0.29694365716287674,0.04717830669148556,0.3322880053960465,0.36349690718807226,0.8629568940509347,-0.2633843141980646,-0.08293049980418361,33.0,26.0,3.0,0.239,0.226
S3_81,0.4352124115029449,0.7777401460667499,0.5022571620070645,0.8520469893496455,0.41165681829193845,0.030162329979662873,0.7443578052560258,0.5581330050452539,0.810898731822478,0.3634588271340069,-0.18580956426935757,-0.036718411470860676,25.0,32.0,3.0,0.208,0.1
S3_82,0.19609202082968102,0.28027600841839023,0.23391438982663135,0.4062539145917948,0.6222639193119298,0.33532466854035015,0.9090405643084442,0.9869752390548491,0.9903290727660843,0.4398118891982617,-0.0632722763307274,0.02354188667159912,29.0,34.0,3.0,0.227,0.161
S3_83,0.7707418917043288,0.010882945666405618,0.09682365923034139,0.8819505060966777,0.9334699467778065,0.3996482459660653,0.43236136752581616,0.5954530702618522,0.578260765271671,0.9720332500627473,-0.1429488701424659,0.04286443326235567,27.0,28.0,3.0,0.249,0.053
S3_84,0.7103167099064505,0.33478877158894865,0.9203564790717467,0.7004681587842287,0.8945428352636982,0.1593922580197451,0.5525963293615688,0.9269573671268331,0.35034592781775153,0.23055417908175713,-0.28142210734630735,-0.014010196804066066,27.0,25.0,2.0,0.236,0.17
S3_85,0.9463303625669186,0.6169165395571587,0.5208496082253153,0.7570126336077494,0.29407386337896885,0.7194394019747211,0.9407690759647911,0.34237863386590733,0.7729911389938934,0.22220613023042196,-0.14290467472245796,-0.009889012323543028,31.0,26.0,3.0,0.238,0.099
S3_86,0.45769929676833754,0.7967050048394076,0.013980759940624315,0.3449236058872802,0.18062580481920307,0.06742067161933248,0.013364574756664027,0.5670605009965874,0.07122893191316083,0.14402833569111131,-0.0022727997372838926,-0.1322310055883969,30.0,33.0,1.0,0.239,0.08
S3_87,0.8462443441661204,0.6814088426736867,0.5849982024434399,0.7116045779821668,0.27942106703240654,0.24221472064514574,0.6088661270745882,0.712294858727843,0.48423742985900575,0.5266399886629143,-0.2014220781050966,-0.036993312433688266,27.0,31.0,1.0,0.175,0.075
S3_88,0.17082613988684547,0.05648218173706895,0.7606900892455386,0.8746931675266753,0.21465043930636435,0.4251341853344312,0.8761336533577018,0.5721074456718445,0.9457504891960206,0.7156941250201261,-0.28253665839640213,-0.04589961796164187,27.0,26.0,3.0,0.182,0.137
S3_89,0.7956225278042396,0.42831499094020975,0.7157085899678132,0.2821122795914266,0.6909421914855007,0.178433198947651,0.9462259371901278,0.3992990941325064,0.4669792108489443,0.7718972500972344,-0.07559147202387081,-0.018070330796502554,27.0,28.0,2.0,0.157,0.156
S3_90,0.18733883246771615,0.9759134555607232,0.7843127789202664,0.19916830370686248,0.5021110270038576,0.007567302045462997,0.09080523037440022,0.27841105720058834,0.9316216487656108,0.08838261810095159,-0.252042648051895,-0.05837293453478662,31.0,31.0,3.0,0.085,0.081
S3_91,0.6556894654157934,0.854370974003572,0.4627486335095718,0.9809644553962042,0.17150001805318257,0.3305496016191207,0.3920361268720398,0.0103529710278727,0.8225088076207383,0.4515487853029023,-0.14636744677696958,-0.04585911252295288,31.0,30.0,3.0,0.245,0.189
S3_92,0.938436963830741,0.10851062855523934,0.9598387415436708,0.5901064052688768,0.66395965709438,0.5104800231453248,0.9505053072372256,0.4624696846473251,0.9376832031387299,0.45756992794528323,-0.15521115929909404,0.029944431029493374,33.0,26.0,1.0,0.198,0.09
S3_93,0.7982671873740576,0.28420814525920945,0.11993585786861512,0.01483808293827645,0.9266305299123785,0.9428270858638019,0.8912123321362144,0.7626891739599755,0.3166515221592056,0.623394519873758,-0.22590611549821976,-0.045016903455181806,27.0,32.0,1.0,0.195,0.164
S3_94,0.863194657126115,0.8497521561229461,0.3715817985978909,0.09964357195879746,0.311448188248503,0.8156248529027095,0.7604965379675699,0.20943459140924783,0.3031263425424342,0.9607224137753079,-0.14058812670874724,-0.005930118381287902,31.0,25.0,3.0,0.164,0.089
S3_95,0.9017507110306248,0.1607549759850835,0.3907001548064781,0.11376569170345478,0.09464837736797545,0.8524978862845809,0.3815257995911137,0.09418172053655507,0.817728639510344,0.5217037952514038,-0.20703454858538978,-0.07830467449224686,29.0,25.0,2.0,0.158,0.112
S3_96,0.6240131433002699,0.40173829944157624,0.22445741027746083,0.49834921233733925,0.999484349078817,0.11791549729791101,0.5928000725907719,0.9241071636292728,0.5555383760735713,0.6516750772881319,-0.15111827732803357,-0.12482535593469536,25.0,26.0,1.0,0.129,0.092
S3_97,0.992538303865557,0.5993774737068854,0.4968309465097935,0.9240402939577467,0.30454119665664064,0.9743321961244625,0.13398073486547832,0.8745775663567504,0.8609826613363193,0.5712542004223766,-0.07334637048617168,-0.06796081575159045,32.0,31.0,1.0,0.146,0.068
S3_98,0.5614307920704711,0.06481583440050767,0.5914342801731647,0.5119812435260103,0.09199646533629005,0.9646901505612412,0.36951336005674934,0.7260366770414501,0.19835258562564514,0.3853629986629486,-0.09611948549975396,0.00986877925766605,34.0,26.0,1.0,0.168,0.078
S3_99,0.10746976631171434,0.926834791478466,0.06260816549354532,0.9025301668690311,0.5195043705743565,0.7288865135257877,0.4036946598451406,0.8554838664645684,0.551561741658788,0.755590252078964,-0.26565160873360544,0.041516906221319066,34.0,33.0,1.0,0.175,0.055
S3_100,0.2910240702996884,0.9682406363664854,0.6495957426172183,0.18309522983397955,0.1027820686829011,0.04651301089871113,0.353763678158642,0.1393666661042083,0.2946564310650975,0.09896307848702755,-0.09921029619036437,0.042780103283709126,26.0,31.0,3.0,0.201,0.111
S3_101,0.06451609559943751,0.6094226200582745,0.12739923571111345,0.9106230092529248,0.37966405002537057,0.6205670972359003,0.10078925652459805,0.7336773202823916,0.7256387758635282,0.03277144389678208,0.003156330164740928,0.00648984691638857,28.0,31.0,2.0,0.231,0.23
S3_102,0.78208089493446,0.42432346328017684,0.19113190184615594,0.5617726916424081,0.08942163514357136,0.17926090440603212,0.5278297631780529,0.14603431544034134,0.8807114017537594,0.1788259198112725,0.026395167839692035,-0.13578841556036925,34.0,32.0,2.0,0.195,0.064
S3_103,0.5864271495598761,0.31851618219648997,0.24414178825344743,0.7078861506748585,0.9640962306370047,0.5436662499868303,0.12407239896270585,0.2323081575041052,0.7513774923505303,0.5045491552186337,-0.07761104490820456,-0.13875397941975995,31.0,30.0,2.0,0.187,0.054
S3_104,0.14345208721532057,0.8264881908834695,0.32049718357467866,0.04788413271283932,0.7458349110049529,0.29164529687303703,0.6409205899662153,0.444655131293111,0.8748694759378669,0.04285162003194552,-0.10662831222783836,0.004934880093109273,26.0,33.0,1.0,0.201,0.094
S3_105,0.6066622902589769,0.9623571259690311,0.34785371048147906,0.24312677585891385,0.6479062859010862,0.5264769852995415,0.5430201213033922,0.9045716653872892,0.020257799870718046,0.11321197050352806,-0.28984540466774933,-0.08424373331252957,32.0,29.0,1.0,0.145,0.065
S3_106,0.05795838025603978,0.8315875053503579,0.3539583619349512,0.4968581264813956,0.8200894291102167,0.7620620126118011,0.9968225528516651,0.3897055684066795,0.607304829208737,0.849015759094412,-0.20922758780325532,-0.12792045468362584,28.0,34.0,3.0,0.104,0.058
S3_107,0.6708669692409112,0.8918614449762913,0.36732126234730494,0.7224972401156606,0.6779713976020594,0.8561626939670148,0.6552508507471599,0.07806848034784308,0.09398180594011757,0.2854032089105937,-0.018485983829284403,-0.07188467096310333,28.0,27.0,3.0,0.183,0.135
S3_108,0.7250506224876861,0.5416274337806002,0.6777260057970506,0.5031985609514106,0.14334186128753137,0.3555554540560317,0.8151197600347726,0.1120413353366495,0.5998866798636601,0.7509122820570078,-0.24245558219471242,-0.08306059712715286,32.0,27.0,1.0,0.212,0.091
S3_109,0.05396694322586958,0.21939890441392187,0.6196420735291536,0.9194921808571683,0.47654678630748837,0.45067168848495537,0.4805193378919293,0.7786520144983967,0.9872195987026611,0.5104992743781985,-0.1712579842297338,-0.045661387239968945,28.0,32.0,3.0,0.249,0.076
S3_110,0.7881938397755587,0.931948930432378,0.14277423596126243,0.17002305799726763,0.25251164244205265,0.49497773349981267,0.18650476425479345,0.16601190091988374,0.6701121268341745,0.3304620036042811,-0.10753910401423455,0.02938046420791074,32.0,29.0,3.0,0.242,0.051
S3_111,0.09905495058269388,0.856724965314534,0.4460919038848793,0.11789245439525461,0.9891828258822595,0.6059985436841318,0.27178429678755456,0.5352351576296425,0.18079941777198144,0.15002470835360915,-0.07102277852189501,0.04183314320426451,32.0,25.0,2.0,0.151,0.119
S3_112,0.08985382452885081,0.19340836787349905,0.5458161286702242,0.6058578847882325,0.508951331138993,0.9003488451820323,0.5229257794148533,0.5730809504969366,0.24878093746845598,0.32127259516549783,-0.2650965489502804,-0.037635266240638496,27.0,31.0,3.0,0.165,0.134
S3_113,0.5778047871518841,0.13976812515732548,0.5378902483103903,0.3299734737555424,0.6948208567799173,0.8783139319179218,0.21238727705579144,0.6157800878652662,0.9770865597774209,0.5983595552526936,-0.21339937266323333,-0.13030541601485515,33.0,29.0,3.0,0.22,0.186
S3_114,0.15541604006852272,0.4059835082731638,0.38693644618562395,0.3934283028878907,0.4921869735122686,0.5641224392294133,0.44712649361167084,0.8166216613716248,0.2878120204802681,0.9957102946856373,-0.08016143674505632,-0.15684914597648858,26.0,28.0,2.0,0.202,0.097
S3_115,0.5540815912161839,0.1962388373033715,0.3528424889679883,0.7618498069920854,0.515877453062373,0.2809547736609999,0.5216576289199168,0.24534410148999422,0.1293873567748973,0.20865310157796088,0.0009119628892740872,-0.01507828760058147,33.0,33.0,3.0,0.215,0.138
S3_116,0.20456532128118826,0.4930076162911928,0.5479688399735315,0.8671956169834978,0.0834770529634415,0.6923580683406902,0.5696946094108281,0.24153370762209778,0.19376599585756712,0.6843117752169824,-0.07898366227092898,-0.030711677118259922,34.0,31.0,3.0,0.193,0.168
S3_117,0.6593176235413313,0.14984085765133165,0.9995857756383879,0.46622590185255236,0.0473642831605876,0.137091756304356,0.6754473312293071,0.005239451009824086,0.9246528693396715,0.6155954986908816,-0.19009920467815622,-0.012981985477613367,26.0,27.0,1.0,0.101,0.099
S3_118,0.7324996098870201,0.49955907612795125,0.2773943872107996,0.5464983916654427,0.3901785158096901,0.10543606688740104,0.7796111539140538,0.8560806816430934,0.8460463106406704,0.7834710384003252,-0.06532715518050014,-0.07700571080405527,33.0,33.0,2.0,0.248,0.099
S3_119,0.3368608036378974,0.588957652131004,0.5670852790851189,0.05773060461643486,0.8387750451328823,0.2998904849568367,0.2931473145146001,0.19348166045391452,0.8158685135914652,0.13880100681226892,-0.22198867165437416,-0.11964387507328583,34.0,26.0,3.0,0.147,0.105
S3_120,0.5163887429364777,0.9426985409222146,0.3755090452556434,0.20753677249920585,0.14545542021356048,0.6913450104671991,0.2952942516971091,0.9813854837383157,0.9587742787425272,0.9377350643345025,-0.11418279411872534,-0.05206131990351434,33.0,33.0,1.0,0.142,0.092
S3_121,0.5288131292772177,0.10210591040565757,0.6248759424332386,0.3856493648627669,0.6997880699401082,0.4736014496205986,0.9348236834166018,0.6827924323527177,0.0765373518982028,0.7330434590578712,-0.21728665508188644,-0.13413134273140562,26.0,26.0,2.0,0.205,0.189
S3_122,0.5988730666772246,0.6625115748042538,0.25388199696148334,0.22558334243606737,0.6712627277076252,0.06184743579104915,0.3385765529543527,0.2275145010456709,0.6741330394376555,0.904338332654098,-0.20068036499244907,-0.0048138300669161305,29.0,27.0,2.0,0.175,0.134
S3_123,0.14567446892901184,0.9555472987146979,0.2516266926163931,0.7708398852721229,0.3497516072423832,0.40360045507966247,0.20464237095261936,0.4708162956438398,0.01418821584674681,0.9300915075807701,-0.22496276348376343,-0.1327766886159814,29.0,34.0,3.0,0.221,0.207
S3_124,0.041672822153154605,0.34729828432625703,0.15458070802111729,0.4207498027430149,0.2990668270137573,0.5852112689829544,0.9871125036584214,0.6090311127879392,0.2795073485381318,0.07549886275999206,-0.20981350887599046,-0.15337445957526344,34.0,28.0,2.0,0.212,0.136
S3_125,0.4494519264743864,0.00027874647965306435,0.47543762807583584,0.28642890812733424,0.270872888166923,0.5216597511578649,0.277649846368173,0.280722160633184,0.2747405639150471,0.8405975831276321,-0.1576688982745934,-0.13935491491124327,27.0,34.0,3.0,0.144,0.114
S3_126,0.9994703746337771,0.6597900036589449,0.4308286311301255,0.12344911078226008,0.25971639772137256,0.4660709914225643,0.9251398915895701,0.18068495074634455,0.6489961378188769,0.2185449742424273,-0.276722900914475,-0.069472678875383,29.0,33.0,2.0,0.161,0.13
S3_127,0.7625321147820143,0.5666953980803567,0.33585422591691505,0.2999657337554411,0.5428486808558505,0.8870331488454114,0.7068717166176961,0.022014771283336385,0.39117111484153927,0.1852852422031408,-0.06887674757151069,-0.1126969978434138,29.0,31.0,3.0,0.229,0.209
S3_128,0.2728955253036658,0.22936895099834306,0.5347824071815325,0.49089675475683753,0.5589604164318733,0.028129279154329577,0.1361783262136853,0.3758036665265605,0.4029793563321733,0.9927261757806439,-0.2914775628512754,0.014893395711312346,29.0,25.0,2.0,0.24,0.184
S3_129,0.9311973445340745,0.2675645026900513,0.800321177874915,0.8886983836672792,0.241096170137581,0.37528934039584905,0.21420714987908904,0.4132967710631929,0.7693132926632962,0.12923936682946224,0.009106782036320538,-0.01762109735731751,25.0,32.0,3.0,0.228,0.106
S3_130,0.15031841097834206,0.16538948627061612,0.826088782588784,0.1527721018290834,0.3764594136681664,0.10159278382932686,0.4583191908805782,0.41985294535091233,0.10882318411977594,0.6872131970885934,-0.012278693506285576,0.032705460103274936,27.0,33.0,2.0,0.191,0.126
S3_131,0.8344486480286275,0.38113386085357337,0.5225285307741862,0.12507574329014146,0.31451007074990806,0.8276778929679343,0.9835620044912896,0.01879535475773194,0.9992232210962373,0.05071830560458346,0.016829230673153284,0.028223799667165456,34.0,29.0,3.0,0.219,0.105
S3_132,0.746021195825786,0.25594105116437355,0.36250231625821683,0.9612206702913466,0.4611405313088376,0.6164375743728009,0.16095762382971826,0.33459612390246984,0.5373168867787104,0.8279225924237147,-0.09231158820509422,-0.05289854524071372,26.0,25.0,1.0,0.126,0.081
S3_133,0.8517259563409633,0.6394280495166941,0.0038506042322917285,0.2654200512281779,0.9812210898059072,0.7236650992322433,0.33215788655824097,0.9773189309288972,0.0485720823168477,0.5613881227333439,-0.15735890186116194,-0.006519433922826501,34.0,31.0,3.0,0.09,0.06
S3_134,0.8994827276988656,0.040724113188583544,0.763714425751611,0.1378391515309899,0.7182719542333192,0.7965706174867211,0.12864308563246735,0.9059080150709218,0.9186923153515316,0.3469387004833549,-0.27026146837475484,0.003968600472318062,26.0,32.0,2.0,0.237,0.135
S3_135,0.7730631016567883,0.24219277108176143,0.4918849500620625,0.4150974959618917,0.4667156971933243,0.34073673914824465,0.693569576990645,0.4950838129491578,0.9698728179415982,0.8797367968305592,-0.2503519383220095,-0.1123945534220251,29.0,29.0,1.0,0.194,0.173
S3_136,0.8586774121101011,0.7378990700077931,0.6073622642707357,0.6723310127859908,0.8053141677440357,0.8678357559977846,0.3946475638788201,0.2524469563978464,0.1533633374135989,0.3100992354100586,-0.22750112843907344,-0.1124985290047249,31.0,32.0,2.0,0.212,0.054
S3_137,0.21489216555293766,0.2980970868126895,0.7689891180569254,0.1624565606293536,0.9142952180519958,0.20125736934382232,0.1517231750711992,0.7588649122934223,0.3084472286138864,0.6422016862659448,0.04040594233199357,-0.0014729646309609712,32.0,25.0,3.0,0.237,0.195
S3_138,0.8160793011162599,0.2932620099095385,0.7881068010460911,0.9793178747004698,0.7653864725573598,0.021021700921180067,0.5396950996750086,0.07461370167060258,0.457490444801085,0.9697182251696305,0.04400245117034213,0.04281566793619282,33.0,31.0,2.0,0.138,0.114
S3_139,0.3105042281292827,0.3038373982208796,0.024121621705174047,0.7734366030910517,0.7930339449583751,0.4586871743208292,0.5633608371863562,0.5840085865240061,0.5573041166037506,0.6709128375057678,-0.24546005408730343,0.026879137043269552,33.0,31.0,3.0,0.178,0.101
S3_140,0.963759754074988,0.8667562480972844,0.4377360671722944,0.9401995939597877,0.24782852491807947,0.5986549817367344,0.6211585135334439,0.6049405928280889,0.5959326199062264,0.7580357055508021,-0.007635335906723384,0.023335157801515682,32.0,29.0,1.0,0.216,0.144
S3_141,0.29527097829804355,0.019091060883591693,0.8437938451077983,0.17755714260998315,0.3543945493356771,0.5934463366690202,0.3012980934006046,0.7959092256083642,0.22169805627685985,0.3727114123939752,-0.0002792609107916677,-0.06897294817327032,31.0,28.0,3.0,0.13,0.063
S3_142,0.26141642737537907,0.4504121395400013,0.05416472118378877,0.840276442319577,0.4453895155460894,0.44415149967196943,0.3832250041712312,0.8135349044098384,0.9115973918563637,0.38301089132088795,-0.26822489508444497,-0.03157812752092243,29.0,31.0,2.0,0.215,0.086
S3_143,0.38907115346251264,0.8021601617414458,0.967207334713999,0.14103486866309525,0.48131178494563387,0.36459056800953626,0.23515260988741268,0.9537902786382012,0.11371893733860283,0.10687513626547115,-0.01088997015457216,0.04438839683968809,33.0,26.0,3.0,0.156,0.05
S3_144,0.39334207717537745,0.6228975049746167,0.9812827492685542,0.9874257000348611,0.8863159719634376,0.9169513396468048,0.967172402391692,0.5809867410949042,0.7306336459258282,0.39150111233756796,-0.07777197269372821,-0.08730739800642504,26.0,28.0,2.0,0.134,0.11
S3_145,0.5718408549643617,0.36741009818843484,0.4822273023072532,0.3601950705918013,0.6522799749339274,0.1648445252792271,0.07403550468137497,0.21903722042784843,0.08817916909046028,0.6595847336720458,0.031168182515129816,0.016715580474183422,25.0,34.0,1.0,0.176,0.139
S3_146,0.6816157496443384,0.47921606037733494,0.9724310107415215,0.2747495932242739,0.4702438283623163,0.0977410558960271,0.178519445537017,0.47547789524299533,0.12815166997531718,0.35596161191489617,0.04293665111461886,-0.01205012991031057,34.0,29.0,1.0,0.142,0.082
S3_147,0.6146737455427619,0.7060090662555375,0.6122707241134083,0.03702378220462922,0.4826572517194023,0.785208762122432,0.4992682420266845,0.15442409968825374,0.41084981826484157,0.8044303183890348,-0.16060940734353565,0.013753138317561614,32.0,28.0,1.0,0.154,0.105
S3_148,0.5184643737025617,0.39403019440149795,0.42665959466237063,0.6939210978626441,0.5688606468381495,0.2341873301959061,0.10995044738405696,0.28457006547640773,0.4070058572421358,0.9155532053367237,-0.27327866737245393,-0.15648427071930626,25.0,31.0,1.0,0.214,0.112
S3_149,0.5340617144316147,0.8615253512360427,0.2309839693606595,0.04300329403441238,0.8542099140691188,0.5287104856401885,0.028742237843804978,0.8305346859190784,0.38128266090167784,0.6770310075052847,-0.20340081419573608,-0.0516069149248303,28.0,31.0,3.0,0.099,0.083
S3_150,0.013553357233331564,0.8807373689771566,0.3826180362681162,0.6278407306042273,0.9057901361378706,0.7066385108548777,0.05130386484831017,0.04126118336761244,0.702093819377692,0.7628807831201316,0.007873270641574281,0.006861351743680522,34.0,26.0,1.0,0.215,0.083
S3_151,0.3503117157139482,0.973741999196003,0.5604118097183014,0.9733243049745153,0.8460697047126151,0.08717833328038897,0.5799714885859302,0.8318775048045122,0.7987008831478151,0.11983038235360419,-0.24788916702916208,-0.08733598912452374,31.0,27.0,3.0,0.147,0.108
S3_152,0.11685875211240412,0.20417137196088167,0.18807659156565393,0.9694834237628234,0.7035206561681405,0.8635272447574547,0.9949374917230356,0.5001696545547291,0.24671974643816388,0.056715023832832195,-0.22237369597905898,0.011966057200058194,28.0,26.0,3.0,0.155,0.093
S3_153,0.5751743586811442,0.07427455969438501,0.16820540229951242,0.5318746317937003,0.11462790135754242,0.9530640403381339,0.05916333806332408,0.027126300626237887,0.034859691585412196,0.5915089598522641,-0.06555486644004832,0.03600823421823354,32.0,26.0,2.0,0.246,0.113
S3_154,0.19382311369531097,0.3428768820538585,0.6447014292369063,0.743989860882296,0.39593708858533716,0.6852369082665762,0.689990356157698,0.5303056343728895,0.5231340741340423,0.4298550330452332,-0.22664566479675471,-0.0901397776347054,29.0,28.0,1.0,0.11,0.103
S3_155,0.43862912436442303,0.03853835402136628,0.18396024466928534,0.6176523013985252,0.23138915800854784,0.4388712444804616,0.4905491282499568,0.7467901184078876,0.6226836899367171,0.6300853396056066,-0.16195041940931124,-0.14345658270941838,31.0,33.0,2.0,0.156,0.121
S3_156,0.9588061164745905,0.7281185268616243,0.3014232820206398,0.5828365038487937,0.5333709783239441,0.41584284295192414,0.06531646349833468,0.08158698007861992,0.34007603553063764,0.20331710584358137,-0.10181561777072923,-0.020468564420459023,31.0,26.0,3.0,0.208,0.097
S3_157,0.06647815990226587,0.09033521961545439,0.6560785503157124,0.42375446630566715,0.9745524387143724,0.20820992558276852,0.45325223145604554,0.9965943112522181,0.10058863766778668,0.7462291514530328,-0.12139528620802614,-0.051955995551863796,29.0,31.0,2.0,0.066,0.064
S3_158,0.5932323502179484,0.026611841267773814,0.11872743667315175,0.0074346105485307,0.0378609332572889,0.8400189499242521,0.5356438872459542,0.6350730833121628,0.6931265677594327,0.038379435773757166,-0.10702494081564093,0.028472731854411487,27.0,29.0,2.0,0.199,0.17
S3_159,0.4747816420725659,0.20107456449882452,0.6989062409909235,0.18759873418900966,0.13486497193241284,0.2197234466627634,0.8292528828613083,0.6919872882885905,0.17539512426249126,0.793392527485827,-0.10021091091416923,0.043720715366914936,26.0,28.0,1.0,0.178,0.151
S3_160,0.5486041641161906,0.3289543512595412,0.48277739847616574,0.3372369616652236,0.7498610742114874,0.3490533065840614,0.10457913379109342,0.37944570581852904,0.0018440554558847564,0.17027848036820994,-0.2394868121274134,-0.10336969231422828,29.0,34.0,2.0,0.157,0.065
S3_161,0.37295800079015856,0.6349061257417584,0.029930212676031215,0.8796995639117303,0.7559305935479844,0.8311846556318232,0.4508625339517928,0.5497946440501581,0.14737734128426844,0.3142255638719317,0.01870701648471962,-0.022472062076322602,28.0,25.0,3.0,0.191,0.185
S3_162,0.46117339390398987,0.04904795894282893,0.8468962321081339,0.311888483361591,0.9178826020431489,0.5561045098640853,0.7932489989847037,0.32559120843524714,0.6563273171251298,0.9213465338110988,0.021198021354918717,-0.04149498912134619,32.0,33.0,2.0,0.16,0.114
S3_163,0.32747826385131656,0.24432084929105233,0.4081553921377739,0.368482525504879,0.806809415883032,0.09442063418855218,0.8203036001371253,0.2649659964572387,0.0073814172812510055,0.27545746393536047,-0.2522848668815691,0.021041768639541047,29.0,33.0,1.0,0.241,0.24
S3_164,0.13061597255734406,0.9009315853403725,0.728466872027752,0.06300720094162349,0.6211532300561431,0.4798091162134069,0.6805489450571621,0.7457057885057546,0.311323381010127,0.9569043030473913,-0.05268547984814831,-0.006336227251698745,29.0,34.0,3.0,0.24,0.058
S3_165,0.7543530838194922,0.516684052189144,0.4530877293074793,0.827239140989817,0.23824006782787618,0.7765066910072929,0.7864660341339553,0.29085454229691576,0.42191738590245437,0.3396124200547469,-0.23716823671668452,-0.083068050199045,28.0,26.0,2.0,0.213,0.179
S3_166,0.663654403859199,0.3747424390830921,0.9536843393736077,0.8053409801436886,0.8693974966236374,0.06975875632634226,0.2336308666645992,0.23487558006436723,0.9826436085644147,0.7974665390364443,-0.16234563886730882,0.01678239088259656,32.0,30.0,1.0,0.174,0.126
S3_167,0.6751636818753038,0.9512477361416501,0.9382503425208131,0.9550328186404158,0.541234838667124,0.567852680363294,0.3525747579311128,0.39545389088256133,0.794697765533758,0.46524877852238644,-0.1786214508466569,-0.09391963764367568,34.0,29.0,3.0,0.166,0.102
S3_168,0.07933412944425616,0.46864545577900374,0.5692767195940546,0.3486360031829488,0.004509323579767428,0.2558303601787062,0.8700320348762826,0.9707891828258155,0.2555346341037077,0.6375545051168116,-0.24362248777955495,-0.10571000701654051,32.0,28.0,2.0,0.247,0.076
S3_169,0.030552241817222096,0.6828831930405215,0.7740914359608903,0.8107189833073842,0.9754992225539161,0.9012561207766661,0.8317871399267289,0.599708526280906,0.5687150051504324,0.9482845574624769,-0.09124097218648311,-0.12304243647711702,29.0,30.0,1.0,0.173,0.156
S3_170,0.004028756264937418,0.36268413205141925,0.7424758194540263,0.5196810108842209,0.19434680172643862,0.672541465773814,0.6336669410506984,0.9112386190157024,0.15517808084127763,0.4742959291107745,-0.15525288342140633,-0.1284624393653281,34.0,27.0,2.0,0.238,0.145
S3_171,0.7493957551773841,0.0834032859053667,0.8939311682238517,0.8646645985451058,0.7876921447923082,0.6659002348281966,0.77447956295141,0.5569308312416043,0.9055750904612607,0.19273169569034726,-0.12243704876481923,-0.029947721752517142,30.0,33.0,3.0,0.199,0.074
S3_172,0.6332988803741926,0.45677253488447944,0.1943362621504264,0.8473155816703924,0.8605290260962751,0.20904643241825535,0.25244799844648963,0.13096175326282336,0.3730654413417666,0.0016890275829625234,-0.17054291763933885,-0.12342913091313827,27.0,26.0,3.0,0.183,0.151
S3_173,0.1687728691512562,0.8209383769698065,0.45016256047548786,0.3208776785282611,0.07682791804521472,0.0382991247425896,0.09593234709633787,0.934694103325851,0.7761875839808329,0.5368430236293437,-0.1701985422030256,-0.12313313397934127,33.0,31.0,3.0,0.121,0.076
S3_174,0.2308291444293425,0.5519974750776844,0.8891424384299131,0.2455729625401372,0.5794213606932838,0.9902788923217755,0.6982107975168321,0.12658541939411427,0.8570300516312749,0.21217041049184696,-0.19195340546697587,-0.1337220065432518,26.0,25.0,1.0,0.214,0.147
S3_175,0.33227434732670086,0.9923153534207142,0.2863026016578813,0.6794935673877323,0.5293725169940846,0.2590916928895992,0.586853516917443,0.20142099362725166,0.9740748199742664,0.07423408448950683,-0.2804197809880085,-0.08304992640688258,30.0,27.0,3.0,0.228,0.09
S3_176,0.6516459158257645,0.9098138696056409,0.7937740744220553,0.739379072477839,0.6268899546134483,0.9250224276569136,0.720895703295669,0.4422556831254047,0.43512927807823826,0.6330218011916344,-0.14567795609273723,-0.1347361888894187,29.0,26.0,2.0,0.218,0.167
S3_177,0.5088177470939997,0.11842374002606344,0.9645964393160884,0.2543120625371134,0.4200511639467092,0.9860233087887847,0.01894609155808272,0.5093460525741847,0.21843822860530557,0.24459756782804648,-0.10598115546276471,0.04313677949844902,33.0,28.0,1.0,0.214,0.161
S3_178,0.6767693325679479,0.6920080041891751,0.45865143952309834,0.6564184224453821,0.12827709674960333,0.6426517842888954,0.24570621845511098,0.7201712319756233,0.2632089705804981,0.2284829038797607,-0.18656628740595527,0.017902371445799564,25.0,31.0,1.0,0.157,0.139
S3_179,0.6089533193856058,0.30068398712319894,0.09165269825009857,0.9976662043460949,0.711025472771272,0.392672160364738,0.9594276020641922,0.4055075939108171,0.9268334861057176,0.4203396713966547,-0.12682091982293436,-0.07215217367518362,32.0,25.0,1.0,0.201,0.196
S3_180,0.8740108951163512,0.8133724150679511,0.8743007846623002,0.25353158942027965,0.9400698906480943,0.15820371364827954,0.32387021749821887,0.657099339158628,0.491391710542464,0.4982842374503328,0.007251396696671686,-0.08541113842051434,27.0,33.0,2.0,0.23,0.125
S3_181,0.4180280351165987,0.8990104309374267,0.8254361179554537,0.6706419998042756,0.3840756565774644,0.18664328018132775,0.5984602494526113,0.7878965114174825,0.6401773416852218,0.6965188450300392,-0.15312301899030895,-0.052604204283522873,30.0,25.0,3.0,0.235,0.212
S3_182,0.92700929485637,0.7138636173440905,0.6362197870225785,0.0508777573487649,0.5976682552083974,0.8031371442923582,0.3233728320496257,0.3873538209159082,0.11499570189474735,0.1471123109530122,-0.05829852161278182,0.03436209605181817,30.0,32.0,3.0,0.161,0.15
S3_183,0.256637493160985,0.6489841781715076,0.6692542451959429,0.7191509439607924,0.5045415072496573,0.9994594286792019,0.8050487406555367,0.9421452427052797,0.5747291407755337,0.7907748920636334,-0.22983270270991163,0.03722544392656671,31.0,25.0,1.0,0.249,0.102
S3_184,0.8093524122722493,0.06424664606661933,0.7098657419885791,0.31702017126154886,0.9229949424014778,0.1314882995517392,0.22112080815518662,0.7078458808295498,0.7087804105940626,0.06303842256246724,-0.20623610739347964,-0.123852250793153,31.0,33.0,3.0,0.184,0.075
S3_185,0.6962240578198496,0.7865208501092628,0.40126801412251606,0.7486713308837323,0.7725727409608787,0.5354736520920161,0.8843312891392177,0.35432290744187317,0.7812416865671236,0.694333724593764,-0.1701465511943364,-0.03235257486477236,30.0,32.0,3.0,0.24,0.177
S3_186,0.4810582002538122,0.6282855830615484,0.6381841636966188,0.10530733192965641,0.72828547196792,0.574311948946162,0.8395488193477133,0.34708058427864064,0.1368273475042102,0.4951201839108463,-0.12391024272262635,-0.12243771586517899,31.0,34.0,1.0,0.188,0.051
S3_187,0.3600543836046902,0.3158495094077837,0.006130971864646941,0.9266909554305114,0.07436247785719541,0.6503613630210955,0.605980126785739,0.3200664796266593,0.165301709245925,0.5133518365522415,-0.21545813148042303,-0.14454173035976234,31.0,29.0,2.0,0.167,0.055
S3_188,0.1127429700505822,0.3718200924969755,0.9090026880090644,0.35596799424458825,0.8982822571367252,0.21652279415289954,0.6228463334244951,0.9173183023024023,0.5858961601829975,0.23437016813511352,-0.10864334107686394,-0.12119665965127385,29.0,25.0,3.0,0.237,0.185
S3_189,0.27543263316851535,0.7673356576252798,0.3071306454316896,0.5771940094746683,0.10679605041120516,0.7566211873956783,0.8105287365770399,0.36911226136767805,0.47376464853802,0.7195134473684854,-0.22809986137268085,0.04448384985887724,25.0,33.0,2.0,0.238,0.097
S3_190,0.40429902841381576,0.07538018711474646,0.21760868430570668,0.8237039356793349,0.16162299819154372,0.910892025316164,0.19906225112433706,0.8666243651753194,0.6022827121665127,0.6664183887096535,-0.05237201600700181,0.005820812751412385,31.0,34.0,1.0,0.176,0.057
S3_191,0.9212254392870192,0.9821565630021439,0.22122782364606985,0.15802545335305257,0.42905426925755835,0.3817444113036774,0.7837125567840122,0.5904653251026843,0.7443398415801833,0.6046787197526733,-0.14162859371803987,-0.05471662815666703,27.0,34.0,2.0,0.13,0.054
S3_192,0.18383226843305922,0.3555294329708697,0.41645472996127736,0.47760775786637194,0.7367952200310887,0.19660773657057795,0.4964557832559777,0.2552115934779626,0.84546510560119,0.8661109733241025,-0.17789381160031237,-0.09794009536357023,27.0,33.0,1.0,0.202,0.075
S3_193,0.28259354347770255,0.6538840216064028,0.8700310067981367,0.8345414303889687,0.27528358069783887,0.12771840789788225,0.25993596814299524,0.10597755037727281,0.8382237481821208,0.8523010453356759,-0.18136086426671233,-0.02986375043768738,30.0,29.0,2.0,0.157,0.08
S3_194,0.5426441836896627,0.921838867649032,0.6724562928322086,0.9925788241895397,0.056724767318048694,0.002215574959875533,0.2854031502648245,0.7531883830379058,0.6291591520354203,0.008254717945015649,-0.06193931302369715,0.018357484446798883,29.0,34.0,1.0,0.22,0.075
S3_195,0.38301217894837974,0.6761311124861419,0.2789097157173361,0.3763851583987719,0.844677484209316,0.3110872455529262,0.3131066269450064,0.8361646791258729,0.5649336112151045,0.7676063255159835,0.0027242792422914053,-0.04437187599788618,29.0,27.0,3.0,0.206,0.118
S3_196,0.8913606441841592,0.2630849807728577,0.7560162230738983,0.34183056718947846,0.8268459307449492,0.6669314170924463,0.8753046270949254,0.3137917845242278,0.5471158509955862,0.8982349518080054,-0.18533290963643023,-0.009682877111316296,30.0,27.0,3.0,0.245,0.061
S3_197,0.9684090549223969,0.2510874318108175,0.1315423506406824,0.4015354452953538,0.03293259138984618,0.31947114227594336,0.39997094416867135,0.09967965953587306,0.3931803535446852,0.30239196512542854,-0.2849982015855755,0.016721124600286102,33.0,34.0,3.0,0.223,0.169
S3_198,0.7775768367944058,0.08693411191933939,0.1496038603000712,0.6630224070504163,0.768898388705634,0.7745822011970731,0.19759190281169955,0.21471799594866325,0.7170389429426673,0.8232210079639756,-0.13374154124174864,-0.14506787289733292,31.0,27.0,1.0,0.223,0.202
S3_199,0.42693203044209027,0.4455214582672442,0.8811149049425989,0.28896772820752736,0.06299560859581237,0.8831020239723832,0.7682814739422754,0.044822876511504406,0.09572108317222519,0.4121171871420643,-0.2594881170258015,-0.13577751424295614,32.0,32.0,1.0,0.166,0.161
S3_200,0.13467378096734373,0.5573292873098735,0.6956330561717592,0.23130016003436088,0.5484347041375338,0.11262247715522057,0.8213677613344235,0.7752112402531441,0.05975674312509459,0.01598020138224487,-0.10309744714241958,-0.08015367807259875,30.0,33.0,1.0,0.137,0.112
