ID,EA_cp,EA_phase,EA_price,US_cp,US_phase,US_price,CN_cp,CN_phase,CN_price,IN_cp,IN_phase,IN_price,BR_cp,BR_phase,BR_price,RGS_cp,RGS_phase,RGS_price,RGN_cp,RGN_phase,RGN_price,learning_solar,learning_wind,lifetime_solar,lifetime_wind,lead_offshore,lead_onshore,lead_solar,south_discr,north_discr,elec_demand,gas_price,coal_price,tech_potential
S3_0,0.41,0.14,0.45,0.56,0.94,0.68,0.97,0.94,0.17,0.09,0.27,0.03,0.45,0.29,0.08,0.18,0.79,0.27,0.1,0.99,0.12,-0.31,-0.26,35.0,28.0,7.0,4.0,4.0,0.15,0.23,0.07,0.87,0.9,0.37
S3_1,0.63,0.04,0.79,0.85,0.15,0.53,0.63,0.83,0.45,0.82,1.0,0.69,0.85,0.29,0.83,0.17,0.33,0.79,0.99,0.3,0.03,-0.44,-0.29,22.0,34.0,5.0,2.0,4.0,0.24,0.21,0.57,0.89,0.32,0.03
S3_2,0.03,0.15,0.99,0.72,0.17,0.05,0.13,0.57,0.42,0.27,0.66,0.14,0.81,0.69,0.52,0.23,0.74,0.28,0.33,0.64,0.9,-0.17,-0.17,21.0,33.0,4.0,1.0,4.0,0.15,0.21,0.19,0.97,0.79,0.22
S3_3,0.7,0.23,0.48,0.47,0.08,0.49,0.1,0.83,0.07,0.53,0.2,0.73,0.1,0.82,0.22,0.54,0.92,0.08,0.75,0.24,0.05,-0.21,-0.1,33.0,27.0,4.0,2.0,2.0,0.24,0.1,0.05,0.79,0.31,0.61
S3_4,0.53,0.32,0.46,0.19,0.82,0.5,0.7,0.17,0.55,0.86,0.67,0.18,0.39,0.41,0.55,0.2,0.91,0.36,0.13,0.04,0.16,-0.41,-0.11,25.0,29.0,7.0,1.0,2.0,0.1,0.07,0.26,0.13,0.23,0.87
S3_5,0.63,0.69,0.9,0.95,0.65,0.01,0.07,0.35,0.38,0.99,0.89,0.78,0.67,0.09,0.76,0.86,0.15,0.59,0.39,0.63,0.45,-0.46,-0.21,22.0,25.0,4.0,3.0,3.0,0.06,0.06,0.67,0.67,0.22,0.17
S3_6,0.65,0.4,0.25,0.88,0.14,0.77,0.78,0.91,0.58,0.13,0.58,0.23,0.68,0.65,0.15,0.26,0.1,0.48,0.99,0.88,0.65,-0.42,-0.09,28.0,28.0,6.0,1.0,3.0,0.21,0.15,0.63,0.0,0.53,0.64
S3_7,0.12,0.75,0.96,0.59,0.21,0.17,0.02,0.03,0.16,0.57,0.84,0.12,0.83,0.78,0.55,0.36,0.29,0.33,0.78,0.93,0.62,-0.35,-0.2,25.0,23.0,5.0,4.0,3.0,0.15,0.07,0.6,0.81,0.39,0.88
S3_8,0.74,0.13,0.38,0.44,0.53,0.4,0.96,0.54,0.31,0.02,0.34,0.74,0.18,0.71,0.84,0.1,0.88,0.21,0.38,0.53,0.13,-0.37,-0.27,25.0,20.0,7.0,2.0,2.0,0.23,0.23,0.32,0.01,0.13,0.21
S3_9,0.51,0.79,0.97,0.05,0.18,0.32,0.67,0.6,0.82,0.14,0.82,0.83,0.51,0.97,0.02,0.48,0.33,0.19,0.81,0.21,0.1,-0.36,-0.12,21.0,31.0,7.0,3.0,4.0,0.13,0.14,0.81,0.3,0.6,0.16
S3_10,0.26,0.61,0.06,0.7,0.1,0.67,0.52,0.33,0.16,0.43,0.09,0.27,0.14,0.36,1.0,0.95,0.93,0.08,0.71,0.51,0.06,-0.32,-0.15,25.0,29.0,5.0,3.0,3.0,0.16,0.19,0.69,0.68,0.38,0.68
S3_11,0.88,0.81,0.93,0.56,0.97,0.79,0.32,0.31,0.67,0.67,0.99,0.54,0.33,0.01,0.3,0.71,0.49,0.01,0.13,0.49,0.91,-0.34,-0.11,25.0,28.0,5.0,3.0,3.0,0.09,0.14,0.15,0.93,0.51,0.4
S3_12,0.08,0.84,0.46,0.89,0.97,0.47,0.07,0.43,0.48,0.62,0.77,0.7,0.89,0.95,0.55,0.7,0.89,0.91,0.73,0.58,0.24,-0.29,-0.18,34.0,25.0,7.0,4.0,4.0,0.16,0.15,0.87,0.66,0.46,0.6
S3_13,0.76,0.85,0.5,0.89,0.26,0.11,0.32,0.23,0.44,0.71,0.75,0.95,0.47,0.17,0.0,0.1,0.76,0.92,0.61,0.72,0.3,-0.31,-0.27,22.0,33.0,5.0,1.0,3.0,0.16,0.11,0.76,0.76,0.59,0.45
S3_14,0.57,0.31,0.68,0.12,0.47,0.33,0.69,0.38,0.01,0.83,1.0,0.86,0.25,0.4,0.02,0.23,0.17,0.44,0.89,0.79,0.27,-0.43,-0.23,34.0,31.0,6.0,2.0,1.0,0.24,0.16,0.8,0.11,0.06,0.13
S3_15,0.75,0.74,0.95,0.03,0.53,0.92,0.46,0.44,0.31,0.02,0.9,0.16,0.81,0.43,0.26,0.43,0.24,0.11,0.03,0.44,0.1,-0.2,-0.25,35.0,29.0,7.0,3.0,4.0,0.09,0.13,0.32,0.19,0.29,0.15
S3_16,0.85,0.29,0.3,0.93,0.2,0.68,0.53,0.42,0.17,0.84,0.08,0.53,0.64,0.66,0.27,0.96,0.83,0.43,0.61,0.11,0.74,-0.45,-0.26,27.0,21.0,8.0,2.0,2.0,0.18,0.12,0.18,0.03,0.67,0.25
S3_17,0.21,0.97,0.32,0.97,0.98,0.47,0.38,0.49,0.05,0.26,0.63,0.52,0.87,0.52,0.72,0.91,0.92,0.99,0.54,0.7,0.62,-0.18,-0.11,22.0,27.0,4.0,3.0,3.0,0.16,0.19,0.71,0.29,0.02,0.21
S3_18,0.82,0.29,0.32,0.53,0.35,0.6,0.86,0.9,0.57,0.59,0.17,0.58,0.78,0.78,0.34,0.63,0.04,0.22,0.93,0.47,0.14,-0.4,-0.29,23.0,21.0,4.0,3.0,2.0,0.06,0.25,0.36,0.08,0.4,0.26
S3_19,0.86,0.86,0.8,0.83,0.67,0.86,0.54,0.68,0.84,0.5,0.47,0.22,0.79,0.88,0.93,0.45,0.94,0.31,0.7,0.7,0.96,-0.47,-0.25,31.0,21.0,4.0,1.0,1.0,0.07,0.1,0.98,0.39,0.44,0.06
S3_20,0.72,0.92,0.44,0.22,0.37,0.27,0.58,0.25,0.92,0.64,0.86,0.78,0.29,0.04,0.61,0.5,0.13,0.95,0.0,0.34,0.86,-0.29,-0.17,20.0,24.0,6.0,3.0,3.0,0.05,0.05,0.54,0.52,0.46,0.31
S3_21,1.0,0.92,0.14,0.45,0.55,0.04,0.75,0.01,0.75,0.58,0.16,0.29,0.49,0.48,0.47,0.35,0.85,0.3,0.32,0.32,0.85,-0.18,-0.11,25.0,27.0,8.0,4.0,2.0,0.17,0.15,0.07,0.96,0.1,0.54
S3_22,0.88,0.45,0.71,0.11,0.19,0.08,0.5,0.65,0.72,0.22,0.22,0.65,0.9,0.33,0.68,0.82,0.07,0.12,0.17,0.06,0.37,-0.21,-0.27,30.0,24.0,4.0,4.0,1.0,0.19,0.2,0.91,0.89,0.88,0.3
S3_23,0.1,0.55,0.92,0.51,0.03,0.86,0.55,0.07,0.87,0.56,0.92,0.2,0.7,0.1,0.32,0.58,0.68,0.31,0.83,0.92,0.57,-0.27,-0.23,24.0,35.0,4.0,1.0,2.0,0.17,0.14,0.36,0.73,0.12,0.3
S3_24,0.98,0.35,0.1,0.57,0.27,0.25,0.45,0.88,0.39,0.44,0.96,0.44,0.32,0.22,0.56,0.96,0.59,0.84,0.39,0.03,0.32,-0.38,-0.12,23.0,25.0,5.0,2.0,3.0,0.2,0.25,0.41,0.86,0.41,0.59
S3_25,0.35,0.2,0.98,0.4,0.64,0.77,0.89,0.08,0.04,0.74,0.06,0.53,0.67,0.92,0.55,0.4,0.15,0.24,0.77,0.51,0.41,-0.21,-0.14,31.0,22.0,5.0,2.0,3.0,0.15,0.17,0.06,0.46,0.66,0.73
S3_26,0.48,0.49,0.58,0.21,0.5,0.26,0.43,0.06,0.15,0.81,0.33,0.01,0.89,0.18,0.8,0.61,0.85,0.68,0.29,0.06,0.33,-0.43,-0.28,33.0,32.0,3.0,3.0,4.0,0.16,0.15,0.01,0.59,0.5,0.61
S3_27,0.49,0.85,0.68,0.04,0.58,0.16,0.09,0.86,0.14,0.37,0.96,0.33,0.45,0.3,0.03,0.3,0.37,0.34,0.49,0.74,0.84,-0.32,-0.27,24.0,30.0,6.0,2.0,3.0,0.18,0.2,0.86,0.5,0.7,0.23
S3_28,0.44,0.95,0.49,0.51,0.88,0.75,1.0,0.86,0.25,0.13,0.98,0.65,0.66,0.5,0.14,0.68,0.38,0.8,0.25,0.89,0.79,-0.18,-0.24,30.0,26.0,5.0,3.0,3.0,0.14,0.12,0.23,0.44,0.02,0.28
S3_29,0.5,0.96,0.41,0.86,0.03,0.04,0.33,0.4,0.23,0.14,0.07,0.66,0.61,0.98,0.39,0.75,0.8,0.63,0.18,0.94,0.32,-0.47,-0.27,26.0,31.0,7.0,2.0,4.0,0.11,0.16,0.04,0.6,0.44,0.1
S3_30,0.61,0.26,0.09,0.49,0.1,0.2,0.59,0.59,0.26,0.98,0.77,0.96,0.88,0.04,0.65,0.07,0.47,0.46,0.94,0.41,0.21,-0.28,-0.12,27.0,22.0,5.0,3.0,2.0,0.22,0.14,0.2,0.33,0.21,0.43
S3_31,0.7,0.29,0.48,1.0,0.03,0.89,0.04,0.68,0.75,0.92,0.72,0.39,0.19,0.13,0.34,0.57,0.63,0.98,0.64,0.97,0.96,-0.2,-0.22,34.0,32.0,6.0,2.0,3.0,0.24,0.22,0.63,0.17,0.71,0.41
S3_32,0.04,0.46,0.07,0.4,0.86,0.66,0.42,0.52,0.41,0.63,0.89,0.88,0.35,0.25,0.15,0.61,0.0,0.88,0.83,0.03,0.97,-0.45,-0.17,29.0,23.0,5.0,2.0,1.0,0.2,0.16,0.77,0.94,0.53,0.12
S3_33,0.02,0.57,0.74,0.75,0.88,0.43,0.28,0.29,0.02,0.57,0.3,0.21,0.21,0.75,0.76,0.09,0.74,0.87,0.76,0.39,0.4,-0.33,-0.3,33.0,31.0,5.0,3.0,1.0,0.13,0.15,0.14,0.23,0.96,0.09
S3_34,0.23,0.43,0.39,0.88,0.47,0.79,0.54,0.85,0.04,0.46,0.53,0.94,0.6,0.46,0.13,0.33,0.37,0.72,0.82,0.8,0.84,-0.35,-0.26,27.0,21.0,3.0,3.0,3.0,0.23,0.13,0.33,0.68,0.43,0.91
S3_35,0.12,0.2,0.57,0.32,0.97,0.37,0.37,0.18,0.97,0.77,0.25,0.87,0.91,0.45,0.62,0.08,0.08,0.13,0.42,0.06,0.06,-0.29,-0.2,34.0,26.0,7.0,3.0,2.0,0.08,0.08,0.48,0.96,0.84,0.36
S3_36,0.92,0.97,0.21,0.56,0.71,0.06,0.9,0.19,0.94,0.03,0.95,0.89,0.88,0.59,0.81,0.11,0.94,0.5,0.86,0.87,0.75,-0.41,-0.13,26.0,33.0,8.0,2.0,3.0,0.21,0.22,0.21,0.01,0.61,0.76
S3_37,0.46,0.12,0.96,0.32,0.29,0.24,0.44,0.02,0.67,0.29,0.45,0.84,0.32,0.72,0.72,0.98,0.7,0.17,0.15,0.15,0.52,-0.39,-0.28,30.0,21.0,4.0,2.0,1.0,0.23,0.18,0.25,0.8,0.96,0.52
S3_38,0.24,0.01,0.47,0.36,0.96,0.11,0.17,0.24,0.63,0.7,0.9,0.42,0.63,0.9,0.09,0.75,0.11,0.57,0.09,0.74,0.7,-0.39,-0.18,28.0,25.0,4.0,3.0,2.0,0.08,0.17,0.35,0.69,0.42,0.78
S3_39,0.08,0.59,0.89,0.99,0.87,0.13,0.06,0.88,0.35,0.1,0.42,0.28,0.98,0.92,0.77,0.95,0.64,0.81,0.79,0.4,0.91,-0.36,-0.28,21.0,30.0,6.0,3.0,4.0,0.19,0.1,0.41,0.23,0.36,0.2
S3_40,0.11,0.26,0.1,0.09,0.19,0.27,0.16,0.27,0.21,0.54,0.21,0.29,0.73,0.19,0.93,0.32,0.73,0.48,0.05,0.4,0.54,-0.23,-0.14,26.0,33.0,8.0,3.0,1.0,0.15,0.19,0.02,0.81,0.51,0.84
S3_41,0.69,0.7,0.5,0.28,0.39,0.73,0.37,0.46,0.93,0.91,0.56,0.23,0.19,0.49,0.49,0.4,0.56,0.3,0.44,0.86,0.28,-0.43,-0.19,25.0,34.0,7.0,2.0,3.0,0.13,0.22,0.03,0.09,0.95,0.15
S3_42,0.65,0.66,0.02,0.17,0.37,0.34,0.27,0.2,0.03,0.04,0.52,0.77,0.76,0.23,0.79,0.79,0.58,0.48,0.02,0.01,0.07,-0.33,-0.21,30.0,22.0,7.0,3.0,3.0,0.18,0.19,0.51,0.5,0.71,0.16
S3_43,0.38,0.22,0.73,0.98,0.33,0.4,0.89,0.47,0.38,0.95,0.72,0.12,0.83,0.17,0.0,0.15,0.05,0.59,0.37,0.84,0.36,-0.43,-0.14,31.0,30.0,5.0,3.0,3.0,0.08,0.13,0.09,0.24,0.88,0.91
S3_44,0.1,0.46,0.19,0.33,0.76,0.27,0.21,0.32,0.18,0.16,0.97,0.17,0.01,0.23,0.48,0.18,0.43,0.81,0.2,0.92,0.71,-0.24,-0.18,21.0,26.0,4.0,1.0,3.0,0.21,0.1,0.46,0.99,0.57,0.54
S3_45,0.82,0.11,0.85,0.24,0.22,0.36,0.81,0.96,0.33,0.81,0.94,0.87,0.98,0.93,0.17,0.32,0.95,0.66,0.3,0.9,0.3,-0.4,-0.18,29.0,20.0,6.0,4.0,2.0,0.06,0.09,0.03,0.37,0.42,0.52
S3_46,0.51,0.12,0.58,0.74,0.98,0.26,0.6,0.77,0.39,0.34,0.15,0.69,0.66,0.03,0.79,0.12,0.13,1.0,0.92,0.3,0.76,-0.25,-0.2,28.0,31.0,7.0,3.0,1.0,0.17,0.2,0.53,0.2,0.55,0.49
S3_47,0.79,0.23,0.22,0.79,0.31,0.45,1.0,0.06,0.02,0.6,0.62,0.8,0.52,0.75,0.69,0.64,0.79,0.31,0.56,1.0,0.48,-0.42,-0.27,33.0,32.0,8.0,2.0,2.0,0.06,0.18,0.08,0.97,0.7,0.73
S3_48,0.38,0.07,0.44,0.28,0.73,0.94,0.93,0.86,0.4,0.33,0.11,0.83,0.71,0.95,0.88,0.44,0.51,0.77,0.02,0.99,0.02,-0.28,-0.22,21.0,23.0,5.0,2.0,1.0,0.19,0.18,0.22,0.06,0.47,0.23
S3_49,0.31,0.34,0.89,0.65,0.82,0.7,0.08,0.39,0.4,0.52,0.32,0.56,0.26,0.89,0.05,0.46,0.07,0.88,0.93,0.14,0.64,-0.44,-0.28,30.0,28.0,4.0,2.0,4.0,0.11,0.18,0.31,0.65,0.87,0.44
S3_50,0.05,0.5,0.42,0.77,0.59,0.72,0.39,0.29,0.54,0.7,0.64,0.93,0.52,0.05,0.04,0.82,0.5,0.57,0.69,0.13,0.77,-0.37,-0.26,21.0,29.0,3.0,3.0,1.0,0.23,0.2,0.34,0.38,0.19,0.34
S3_51,0.42,0.06,0.34,0.45,0.31,0.5,0.55,0.49,0.61,0.79,0.55,0.91,0.84,0.25,0.11,0.31,0.35,0.55,0.79,0.55,0.85,-0.4,-0.12,28.0,29.0,4.0,3.0,3.0,0.23,0.07,0.9,0.3,0.59,0.91
S3_52,0.32,0.99,0.12,0.78,0.7,0.32,0.57,0.19,0.71,0.32,0.4,0.06,0.07,0.46,0.51,0.22,0.22,0.44,0.07,0.28,0.09,-0.46,-0.27,29.0,26.0,6.0,3.0,2.0,0.08,0.14,0.42,0.35,0.85,0.41
S3_53,0.31,0.53,0.76,0.68,0.44,0.46,0.95,0.01,0.66,0.62,0.35,0.6,0.79,0.26,0.78,0.28,0.36,0.07,0.53,0.84,0.26,-0.41,-0.1,21.0,30.0,3.0,2.0,4.0,0.24,0.17,0.78,0.27,0.66,0.02
S3_54,0.52,0.36,0.25,0.44,0.88,0.19,0.66,0.38,0.3,0.19,0.81,0.81,0.17,0.85,0.51,0.89,0.39,0.22,0.53,0.22,0.85,-0.19,-0.09,31.0,34.0,6.0,1.0,2.0,0.22,0.08,0.22,0.72,0.35,0.76
S3_55,0.45,0.83,0.63,0.48,0.13,0.37,0.62,0.56,0.72,0.67,0.91,0.46,0.13,0.68,0.12,0.21,0.82,0.36,0.05,0.01,0.18,-0.44,-0.11,32.0,26.0,8.0,1.0,2.0,0.09,0.19,0.06,0.04,0.89,0.85
S3_56,0.22,0.0,0.61,0.54,0.61,0.54,0.79,0.17,0.29,0.29,0.18,0.81,0.28,0.76,0.53,0.92,0.46,0.07,0.1,0.67,0.11,-0.36,-0.15,35.0,24.0,7.0,4.0,1.0,0.07,0.19,0.12,0.39,0.9,0.55
S3_57,0.68,0.48,0.87,0.62,0.16,0.25,0.91,0.9,0.82,0.14,0.87,0.64,0.91,0.59,0.53,0.13,0.95,0.85,0.44,0.65,0.62,-0.23,-0.24,24.0,33.0,6.0,3.0,4.0,0.16,0.12,0.88,0.69,0.37,0.82
S3_58,0.41,0.25,0.21,0.03,0.11,0.88,0.22,0.12,0.53,0.89,0.64,0.75,0.45,0.1,0.28,0.33,0.39,0.29,0.39,0.81,0.43,-0.43,-0.2,24.0,24.0,6.0,3.0,3.0,0.08,0.05,0.11,0.56,0.94,0.69
S3_59,0.46,0.59,0.78,0.54,0.11,0.91,0.91,0.99,0.14,0.17,0.68,0.6,0.03,0.71,0.89,0.46,0.03,0.17,0.0,0.82,0.16,-0.27,-0.2,22.0,26.0,4.0,3.0,1.0,0.16,0.24,0.94,0.34,0.98,0.19
S3_60,0.07,0.27,0.24,0.86,0.32,0.84,0.68,0.3,0.57,0.73,0.14,0.6,0.72,0.12,0.44,0.56,0.19,0.89,0.55,0.71,0.6,-0.41,-0.29,23.0,27.0,4.0,1.0,4.0,0.23,0.11,0.39,0.89,0.77,0.27
S3_61,0.6,0.05,0.87,0.07,0.14,0.47,0.53,0.21,0.94,0.21,0.36,0.67,0.56,0.88,0.05,0.65,0.27,0.65,0.51,0.45,0.87,-0.2,-0.17,21.0,24.0,4.0,4.0,1.0,0.11,0.14,0.86,0.92,0.92,0.04
S3_62,0.55,0.51,0.62,0.31,0.22,0.32,0.82,0.3,0.24,0.9,0.77,0.55,0.9,0.82,0.48,0.6,0.65,0.13,0.03,0.91,0.75,-0.32,-0.13,20.0,27.0,6.0,3.0,3.0,0.05,0.19,0.63,0.35,0.77,0.12
S3_63,0.01,0.04,0.32,0.75,0.37,0.55,0.36,0.7,0.34,0.89,0.74,0.43,0.74,0.04,0.62,0.47,0.21,0.41,0.06,0.13,0.91,-0.38,-0.21,32.0,25.0,7.0,2.0,2.0,0.09,0.23,0.73,0.88,0.24,0.43
S3_64,0.95,0.12,0.9,0.24,0.46,0.76,0.69,0.55,0.97,0.35,0.67,0.64,0.23,0.98,0.41,0.96,0.14,0.98,0.96,0.41,0.4,-0.31,-0.1,27.0,25.0,5.0,2.0,3.0,0.13,0.16,0.68,0.98,0.93,0.75
S3_65,0.53,0.36,0.65,0.24,0.46,0.17,0.4,0.57,0.05,0.29,0.18,0.69,0.91,0.06,0.81,0.63,0.56,0.22,0.25,0.09,0.29,-0.3,-0.18,26.0,32.0,7.0,2.0,2.0,0.19,0.17,0.93,0.7,0.08,0.89
S3_66,0.92,0.3,0.04,0.75,0.4,0.97,0.88,0.35,0.2,0.18,0.31,0.92,0.68,0.42,0.68,0.9,0.08,0.63,0.65,0.12,0.4,-0.34,-0.14,25.0,26.0,7.0,2.0,2.0,0.16,0.1,0.58,0.33,0.59,0.21
S3_67,0.28,0.84,0.22,0.87,0.94,0.73,0.62,0.64,0.27,0.84,0.1,0.57,0.07,0.54,0.57,0.17,0.04,0.39,0.58,0.28,0.12,-0.3,-0.18,26.0,33.0,8.0,2.0,3.0,0.19,0.24,0.01,0.99,0.55,0.22
S3_68,0.44,0.28,0.56,0.73,0.64,0.23,0.32,0.09,0.99,0.27,0.58,0.07,0.24,0.98,0.97,0.76,0.05,0.43,0.17,0.59,0.99,-0.29,-0.28,30.0,20.0,6.0,2.0,3.0,0.14,0.08,0.52,0.75,0.57,0.62
S3_69,0.33,0.69,0.83,0.48,1.0,0.66,0.71,0.41,0.18,0.3,0.51,0.42,0.46,0.64,0.76,0.9,0.82,0.16,0.78,0.78,0.01,-0.41,-0.09,22.0,35.0,5.0,4.0,2.0,0.23,0.11,0.33,0.27,0.61,0.8
S3_70,0.33,0.17,0.27,0.32,0.61,0.09,0.07,0.33,0.9,0.19,0.65,0.18,0.53,0.51,0.41,0.3,0.99,0.67,0.16,0.1,0.26,-0.38,-0.21,26.0,28.0,3.0,3.0,3.0,0.19,0.06,0.62,0.63,0.69,0.34
S3_71,0.39,0.52,0.91,0.8,0.4,0.94,0.83,0.78,0.89,0.95,0.03,0.82,0.24,0.37,0.95,0.2,0.39,0.94,0.03,0.38,0.67,-0.47,-0.24,32.0,25.0,4.0,4.0,4.0,0.12,0.08,0.88,0.05,0.99,0.71
S3_72,0.97,0.85,0.08,0.55,0.56,0.58,0.2,0.66,1.0,0.17,0.87,0.25,0.38,0.12,0.9,0.51,0.53,0.7,0.86,0.08,0.14,-0.45,-0.25,32.0,26.0,6.0,3.0,4.0,0.18,0.23,0.81,0.83,0.16,0.62
S3_73,0.9,0.47,0.85,0.47,0.87,0.76,0.68,0.16,0.47,0.42,0.03,0.38,1.0,0.2,0.3,0.32,0.89,0.22,0.21,1.0,0.43,-0.23,-0.25,29.0,28.0,6.0,2.0,4.0,0.11,0.17,0.59,0.13,0.24,0.11
S3_74,0.66,0.9,0.42,0.81,0.05,0.93,0.72,0.77,0.95,0.42,0.01,0.59,0.26,0.77,0.57,0.95,0.42,0.38,0.95,0.5,0.7,-0.18,-0.21,21.0,27.0,7.0,2.0,3.0,0.19,0.23,0.23,0.47,0.14,0.86
S3_75,0.48,0.96,0.55,0.81,0.73,0.04,0.64,0.1,0.74,0.9,0.82,0.02,0.19,0.84,0.52,0.14,0.57,0.52,0.03,0.87,0.65,-0.4,-0.22,24.0,35.0,4.0,2.0,3.0,0.17,0.2,0.4,0.03,0.14,0.63
S3_76,0.85,0.87,0.8,0.9,0.01,0.51,0.72,0.24,0.58,0.38,0.31,0.1,0.1,0.69,0.54,0.53,0.44,0.72,0.42,0.85,0.73,-0.39,-0.11,25.0,24.0,5.0,2.0,4.0,0.25,0.16,0.25,0.94,0.79,0.55
S3_77,0.87,0.18,0.73,0.78,0.36,0.38,0.15,0.05,0.63,0.88,0.8,0.49,0.35,0.65,0.35,0.05,0.53,0.8,0.68,0.58,0.71,-0.35,-0.12,27.0,26.0,7.0,2.0,1.0,0.11,0.15,0.13,0.83,0.51,0.3
S3_78,0.49,0.78,0.47,0.98,0.64,0.11,0.95,0.82,0.34,0.13,0.09,0.68,0.69,0.7,0.04,0.27,0.98,0.23,0.62,0.98,0.84,-0.33,-0.23,24.0,29.0,6.0,2.0,2.0,0.09,0.16,0.07,0.56,0.17,0.78
S3_79,0.72,0.88,0.24,0.77,0.3,0.06,0.74,0.15,0.77,0.34,0.78,0.09,0.67,0.23,0.98,0.49,0.31,0.03,0.11,0.22,0.33,-0.32,-0.14,27.0,23.0,5.0,1.0,1.0,0.15,0.1,0.75,0.9,0.27,0.5
S3_80,0.48,0.49,0.8,0.41,0.74,0.59,0.65,0.98,0.2,0.2,0.98,0.99,0.26,0.57,0.26,0.64,0.66,0.32,0.12,0.59,0.6,-0.18,-0.19,28.0,29.0,7.0,2.0,2.0,0.14,0.07,0.89,0.24,0.67,0.75
S3_81,0.2,0.46,0.41,0.44,0.44,0.34,0.81,0.44,0.15,0.48,0.61,0.58,0.42,0.15,0.04,0.38,0.75,0.6,0.14,0.57,0.25,-0.27,-0.25,28.0,32.0,5.0,2.0,3.0,0.25,0.07,0.69,0.3,0.76,0.8
S3_82,0.3,1.0,0.33,0.4,0.13,0.87,0.65,0.79,0.88,0.97,0.65,0.21,0.94,0.43,0.7,0.85,0.35,0.8,0.33,0.17,0.16,-0.25,-0.15,23.0,31.0,8.0,4.0,2.0,0.19,0.1,0.62,0.85,0.7,0.99
S3_83,0.41,0.15,0.75,0.96,0.26,0.43,0.36,0.34,0.5,0.47,0.46,0.16,0.28,0.49,0.77,0.94,0.1,0.54,0.02,0.18,0.56,-0.36,-0.27,21.0,26.0,3.0,2.0,2.0,0.12,0.15,0.79,0.22,0.42,0.85
S3_84,0.71,0.45,0.18,0.26,0.6,0.7,0.83,0.12,0.89,0.22,0.36,0.91,0.48,0.94,0.66,0.74,0.73,0.25,0.32,0.85,0.43,-0.38,-0.13,22.0,34.0,6.0,2.0,2.0,0.25,0.21,0.16,1.0,0.31,0.55
S3_85,0.19,0.99,0.35,0.1,0.96,0.75,0.93,0.1,0.42,0.33,0.42,0.91,0.43,0.89,0.36,0.37,0.91,0.26,0.85,0.92,0.05,-0.43,-0.11,33.0,32.0,5.0,4.0,3.0,0.23,0.14,0.85,0.98,0.61,0.43
S3_86,0.87,0.75,0.65,0.92,0.86,0.85,0.94,0.78,0.79,0.83,0.19,0.42,0.24,0.98,0.85,0.4,0.68,0.14,0.26,0.83,0.69,-0.24,-0.26,34.0,33.0,7.0,1.0,2.0,0.2,0.07,0.71,0.91,0.51,0.39
S3_87,0.21,0.58,0.65,0.24,0.34,0.46,0.23,0.77,0.18,0.82,0.6,0.97,0.73,0.34,0.48,0.24,0.06,0.2,0.79,0.49,0.77,-0.18,-0.1,31.0,23.0,7.0,3.0,1.0,0.18,0.18,0.82,0.01,0.39,0.09
S3_88,0.96,0.75,0.95,0.18,0.77,0.22,0.02,0.72,0.26,0.4,0.05,0.48,0.65,0.09,0.57,0.73,0.54,0.39,0.34,0.82,0.89,-0.2,-0.12,21.0,31.0,4.0,1.0,2.0,0.22,0.05,0.92,0.58,0.2,0.25
S3_89,0.37,0.27,0.85,0.84,0.38,0.88,0.87,0.48,0.48,0.96,0.44,0.94,0.8,0.18,0.65,0.61,0.39,0.21,0.07,0.22,0.04,-0.46,-0.15,32.0,21.0,5.0,3.0,4.0,0.16,0.24,0.77,0.11,0.8,0.08
S3_90,0.29,0.68,0.52,0.94,0.49,0.44,0.64,0.55,0.28,0.69,0.44,0.74,0.74,0.41,0.79,0.74,0.33,0.52,0.95,0.76,0.09,-0.39,-0.17,23.0,23.0,3.0,1.0,1.0,0.12,0.22,0.96,0.45,0.33,0.61
S3_91,0.67,0.43,0.6,0.42,0.21,0.51,0.21,0.16,0.68,0.08,0.51,0.19,0.96,0.81,0.63,0.69,0.81,0.86,0.68,0.69,0.18,-0.32,-0.18,28.0,25.0,4.0,4.0,2.0,0.1,0.25,0.6,0.89,0.72,0.35
S3_92,0.94,0.76,0.63,0.04,0.13,0.96,0.78,0.48,0.61,0.71,0.85,0.39,0.87,0.03,0.37,0.26,0.54,0.33,0.45,0.05,0.59,-0.26,-0.13,29.0,22.0,4.0,2.0,1.0,0.17,0.14,0.79,0.41,0.69,0.66
S3_93,0.38,0.88,0.71,0.12,0.15,0.24,0.19,0.39,0.19,0.77,0.04,0.08,0.29,0.28,0.84,0.34,0.08,0.47,0.21,0.56,0.84,-0.24,-0.19,20.0,27.0,7.0,2.0,3.0,0.18,0.15,0.64,0.12,0.61,0.11
S3_94,0.15,0.52,0.03,0.76,0.86,0.69,0.31,0.05,0.36,0.45,0.54,0.6,0.84,0.86,0.64,0.85,0.71,0.12,0.97,0.85,0.72,-0.27,-0.22,25.0,31.0,5.0,2.0,4.0,0.08,0.08,0.66,0.93,0.62,0.44
S3_95,0.74,0.13,0.73,0.66,0.08,0.87,0.78,0.74,0.85,0.25,0.24,0.4,0.22,0.74,0.29,0.04,0.07,0.92,1.0,0.4,0.21,-0.26,-0.21,32.0,20.0,4.0,1.0,3.0,0.11,0.06,0.39,0.05,0.88,0.96
S3_96,0.66,0.78,0.54,0.67,0.06,0.93,0.99,0.47,0.09,0.05,0.06,0.76,0.58,0.22,0.67,0.72,0.62,0.53,0.9,0.21,0.47,-0.32,-0.17,29.0,31.0,4.0,2.0,3.0,0.18,0.23,0.98,0.91,0.24,0.98
S3_97,0.71,0.04,0.2,0.6,0.25,0.03,0.9,0.31,0.86,0.83,0.77,0.28,0.54,0.02,0.17,0.19,0.16,0.64,0.56,0.07,0.13,-0.2,-0.16,29.0,32.0,5.0,2.0,3.0,0.16,0.06,0.91,0.57,0.27,0.25
S3_98,0.28,0.61,0.58,0.75,0.83,0.88,0.26,0.22,0.38,0.71,0.3,0.89,0.37,0.56,0.92,0.42,0.85,0.3,0.94,0.93,0.52,-0.23,-0.11,22.0,30.0,7.0,2.0,3.0,0.14,0.06,0.7,0.49,0.02,0.14
S3_99,0.32,0.54,0.87,0.85,0.09,0.14,0.23,0.02,0.13,0.37,0.43,0.88,0.5,0.89,0.09,0.92,0.41,0.9,0.33,0.11,0.51,-0.3,-0.22,24.0,34.0,3.0,2.0,2.0,0.25,0.1,0.55,0.02,0.68,0.99
S3_100,0.09,0.87,0.3,0.77,0.71,0.05,0.9,0.08,0.78,0.79,0.93,0.55,0.77,0.92,0.69,0.16,0.04,0.09,0.69,0.43,0.45,-0.33,-0.19,32.0,35.0,8.0,2.0,4.0,0.17,0.2,0.72,0.55,0.69,0.33
S3_101,0.43,0.29,0.03,0.05,0.46,0.19,0.3,0.1,0.63,0.84,0.85,0.29,0.75,0.31,0.64,0.04,0.55,0.94,0.73,0.63,0.37,-0.34,-0.16,28.0,30.0,7.0,2.0,4.0,0.25,0.16,0.16,0.73,0.93,0.97
S3_102,0.92,0.21,0.11,0.23,0.93,0.98,0.88,0.4,0.16,0.81,0.6,0.22,0.75,0.63,0.1,0.8,0.25,0.61,0.44,0.0,0.67,-0.37,-0.2,27.0,22.0,4.0,2.0,3.0,0.17,0.21,0.95,0.45,0.66,0.08
S3_103,0.58,0.77,0.13,0.9,0.99,0.8,0.17,0.74,0.63,0.1,0.71,0.24,0.82,0.52,0.4,0.83,0.11,0.81,0.83,0.8,0.26,-0.17,-0.12,33.0,34.0,6.0,2.0,3.0,0.13,0.11,0.14,0.74,0.47,0.64
S3_104,0.18,0.25,0.39,0.96,0.33,0.18,0.47,0.51,0.27,0.54,0.67,0.37,0.04,0.72,0.62,0.55,0.87,0.08,0.65,0.85,0.45,-0.37,-0.11,34.0,31.0,4.0,4.0,2.0,0.16,0.19,0.51,0.84,0.75,0.36
S3_105,0.0,0.67,0.35,0.71,0.41,0.97,0.82,0.49,0.07,0.16,0.48,0.65,0.57,0.82,0.45,0.53,0.26,0.58,0.04,0.54,0.3,-0.45,-0.24,34.0,23.0,4.0,2.0,3.0,0.08,0.18,0.16,0.19,0.08,0.16
S3_106,0.29,0.98,0.63,0.7,0.57,0.69,0.77,0.02,0.15,0.16,0.02,0.68,0.89,0.62,1.0,0.13,0.65,0.04,0.99,0.58,0.27,-0.38,-0.15,34.0,32.0,5.0,3.0,3.0,0.09,0.07,0.51,0.81,0.99,0.65
S3_107,0.83,0.95,0.91,0.15,0.66,0.94,0.92,0.38,0.14,0.93,0.46,0.93,0.18,0.39,0.12,0.27,0.51,0.7,0.92,0.55,0.52,-0.39,-0.11,20.0,34.0,7.0,1.0,4.0,0.09,0.06,0.9,0.06,0.02,0.61
S3_108,0.09,0.43,0.34,0.69,0.32,0.29,0.43,0.45,0.97,0.49,0.32,0.75,0.54,0.6,0.46,0.85,0.29,0.97,0.0,0.4,0.71,-0.31,-0.26,34.0,25.0,7.0,2.0,3.0,0.2,0.14,0.02,0.41,0.18,0.26
S3_109,0.08,0.49,0.34,0.73,0.95,0.15,0.2,0.32,0.85,0.43,0.14,0.34,0.28,0.75,0.27,0.64,0.49,0.42,0.75,0.13,0.63,-0.38,-0.16,25.0,34.0,6.0,1.0,2.0,0.06,0.24,0.09,0.73,0.69,0.13
S3_110,0.69,0.8,0.29,0.79,0.49,0.01,0.41,0.84,0.23,0.26,0.27,0.7,0.33,0.44,0.8,0.87,0.26,0.72,0.57,0.1,0.38,-0.17,-0.24,23.0,26.0,3.0,3.0,4.0,0.19,0.21,0.52,0.92,0.31,0.6
S3_111,0.02,0.3,0.59,0.87,0.75,0.09,0.65,0.54,0.77,0.76,0.19,0.55,0.7,0.63,0.44,0.37,0.28,0.06,0.75,0.2,0.9,-0.26,-0.19,26.0,23.0,5.0,3.0,4.0,0.09,0.06,0.76,0.82,0.53,0.88
S3_112,0.18,0.66,0.88,0.91,0.47,0.41,0.4,0.25,0.3,0.75,0.24,0.23,0.93,0.46,0.34,0.89,0.98,0.59,0.31,0.25,0.31,-0.24,-0.28,34.0,34.0,5.0,4.0,2.0,0.23,0.06,0.39,0.62,0.74,0.22
S3_113,0.13,0.98,0.11,0.68,0.49,0.09,0.35,0.02,0.13,0.9,0.57,0.92,0.86,0.3,0.71,0.8,0.43,0.02,0.47,0.44,0.65,-0.41,-0.21,35.0,21.0,3.0,3.0,2.0,0.13,0.25,0.94,0.32,0.95,0.05
S3_114,0.02,0.34,0.44,0.02,0.07,0.75,0.03,0.14,0.8,0.8,0.35,0.31,0.78,0.33,0.5,0.86,0.69,0.84,0.94,0.52,0.57,-0.46,-0.12,31.0,35.0,5.0,2.0,1.0,0.17,0.08,0.36,0.52,0.68,0.14
S3_115,0.26,0.9,0.09,0.69,0.56,0.3,0.45,0.35,0.97,0.8,0.37,0.96,0.25,0.67,0.31,0.72,0.14,0.27,0.71,0.58,0.47,-0.17,-0.16,22.0,20.0,7.0,4.0,3.0,0.21,0.2,0.61,0.02,0.22,0.25
S3_116,0.53,0.93,0.28,0.27,0.72,0.08,0.15,0.96,0.77,0.74,0.69,1.0,0.18,0.74,0.83,0.21,0.38,0.98,0.52,0.79,0.31,-0.19,-0.13,28.0,27.0,4.0,2.0,2.0,0.12,0.22,0.74,0.66,0.39,0.9
S3_117,0.15,0.66,0.83,0.35,0.91,0.53,0.92,0.82,0.62,0.39,0.55,0.9,0.08,0.24,0.38,0.71,0.53,0.34,0.8,0.96,0.87,-0.31,-0.28,28.0,33.0,3.0,2.0,1.0,0.14,0.23,0.42,0.92,0.28,0.52
S3_118,0.3,0.82,0.03,0.39,0.72,0.24,0.77,0.34,0.51,0.6,0.46,0.8,0.82,0.68,0.44,0.19,0.77,0.63,0.05,0.79,0.89,-0.35,-0.16,21.0,21.0,4.0,1.0,1.0,0.18,0.17,0.36,0.59,0.24,0.34
S3_119,0.52,0.88,0.97,0.49,0.6,0.03,0.93,0.42,0.14,0.8,0.76,0.49,0.36,0.38,0.94,0.26,0.15,0.49,0.6,0.72,0.17,-0.3,-0.1,29.0,25.0,6.0,4.0,2.0,0.16,0.15,0.84,0.64,0.95,0.66
S3_120,0.97,0.95,0.08,0.31,0.92,0.87,0.06,0.34,0.71,0.51,0.13,0.07,0.03,0.6,0.75,0.6,0.6,0.24,0.45,0.46,0.51,-0.32,-0.27,26.0,28.0,6.0,3.0,3.0,0.17,0.24,0.12,0.61,0.33,0.77
S3_121,0.22,0.56,0.83,0.07,0.89,0.39,0.13,0.62,0.31,0.22,0.23,0.46,0.14,0.38,0.45,0.8,0.26,0.61,0.13,0.43,0.78,-0.19,-0.21,32.0,24.0,5.0,3.0,4.0,0.17,0.08,0.29,0.96,0.77,0.03
S3_122,0.11,0.96,0.02,0.65,0.68,0.58,0.14,0.41,0.91,0.03,0.94,0.33,0.41,0.13,0.1,0.07,0.34,0.45,0.36,0.65,0.87,-0.21,-0.17,21.0,21.0,7.0,1.0,3.0,0.06,0.18,0.6,0.94,0.49,0.06
S3_123,0.62,0.49,0.91,0.71,0.81,0.05,0.67,0.53,0.45,0.1,0.99,0.37,0.73,0.46,0.68,0.22,0.18,0.4,0.27,0.17,0.44,-0.39,-0.16,30.0,34.0,6.0,3.0,3.0,0.07,0.21,0.54,0.95,0.63,0.77
S3_124,0.28,0.57,0.73,0.11,0.07,0.28,0.93,0.54,0.43,0.16,0.73,0.52,0.05,0.7,0.19,0.45,0.66,0.1,0.45,0.89,0.03,-0.21,-0.1,22.0,30.0,6.0,1.0,3.0,0.11,0.11,0.68,0.16,0.55,0.44
S3_125,0.79,0.51,0.81,0.75,0.11,0.65,0.51,0.2,0.83,0.23,0.81,0.73,0.48,0.56,0.22,0.48,0.05,0.15,0.04,0.09,0.78,-0.38,-0.19,23.0,20.0,5.0,4.0,3.0,0.2,0.07,0.4,0.85,0.33,0.89
S3_126,0.75,0.62,0.86,0.71,0.87,0.64,0.81,0.87,0.69,0.88,0.09,0.16,0.05,0.29,0.9,0.24,0.33,0.89,0.86,0.26,0.91,-0.17,-0.23,27.0,32.0,8.0,1.0,1.0,0.15,0.23,0.94,0.54,0.06,0.42
S3_127,0.27,0.31,0.16,0.42,0.72,0.07,0.84,0.7,0.69,0.15,0.29,0.26,0.63,0.3,0.63,0.01,0.36,0.39,0.35,0.91,0.12,-0.42,-0.28,34.0,34.0,8.0,4.0,3.0,0.24,0.19,0.14,0.45,0.66,0.5
S3_128,0.39,0.1,0.77,0.62,0.77,0.54,0.6,0.32,0.34,0.13,0.08,0.0,0.92,0.6,0.35,0.17,0.68,0.18,0.46,0.69,0.4,-0.31,-0.2,33.0,35.0,6.0,2.0,4.0,0.05,0.15,0.69,0.12,0.56,0.4
S3_129,0.29,0.23,0.46,0.51,0.45,0.98,0.18,0.04,0.97,0.56,0.83,0.13,0.45,0.28,0.73,0.12,0.35,0.14,0.73,0.68,0.82,-0.42,-0.15,25.0,33.0,4.0,3.0,2.0,0.19,0.23,0.86,0.51,0.46,0.38
S3_130,0.07,0.64,0.06,0.15,0.24,0.57,0.69,0.11,0.62,0.65,0.7,0.5,0.44,0.47,0.46,0.06,0.92,0.65,0.81,0.3,0.61,-0.21,-0.1,28.0,33.0,3.0,1.0,3.0,0.22,0.06,0.57,0.71,0.79,0.97
S3_131,0.98,0.07,0.74,0.45,0.17,0.2,0.26,0.64,0.37,0.43,0.0,0.97,0.28,0.02,0.75,0.1,0.01,0.85,0.58,0.56,0.79,-0.34,-0.19,33.0,30.0,3.0,2.0,1.0,0.09,0.23,0.46,0.33,0.86,0.53
S3_132,0.05,0.74,0.45,0.72,0.02,0.1,0.33,0.24,0.03,0.52,0.86,0.81,0.5,0.94,0.82,0.78,0.44,0.3,0.8,0.55,0.78,-0.22,-0.19,25.0,32.0,6.0,2.0,2.0,0.07,0.24,0.54,0.62,0.27,0.67
S3_133,0.32,0.68,0.1,0.28,0.05,0.89,0.85,0.45,0.64,0.97,0.83,0.46,0.84,0.72,0.36,0.91,0.3,0.93,0.89,0.09,0.31,-0.32,-0.21,29.0,23.0,6.0,1.0,3.0,0.08,0.14,0.99,0.23,0.97,0.08
S3_134,0.6,0.76,0.37,0.64,0.74,0.22,0.56,0.78,0.55,0.58,0.83,0.14,0.3,0.35,0.21,0.31,0.03,0.2,0.8,0.96,0.33,-0.19,-0.23,24.0,21.0,8.0,2.0,2.0,0.14,0.18,0.58,0.87,0.76,0.74
S3_135,0.36,0.24,0.3,0.31,0.23,0.61,0.91,0.71,0.07,0.4,0.97,0.57,0.59,0.59,0.71,0.96,0.45,0.87,0.23,0.66,0.21,-0.28,-0.29,29.0,34.0,4.0,4.0,3.0,0.07,0.18,0.66,0.05,0.77,0.59
S3_136,0.29,0.98,0.2,0.93,0.57,0.29,0.79,0.12,0.48,0.24,0.87,0.98,0.43,0.53,0.8,0.76,0.32,0.55,0.66,0.81,0.11,-0.36,-0.14,20.0,23.0,8.0,2.0,1.0,0.06,0.08,0.04,0.71,0.74,0.21
S3_137,0.78,0.7,0.69,0.14,0.0,0.25,0.52,0.34,0.92,0.94,0.49,0.98,0.1,0.41,0.4,0.53,0.92,0.6,1.0,0.9,1.0,-0.22,-0.24,21.0,20.0,6.0,4.0,2.0,0.15,0.09,0.98,0.82,0.01,0.98
S3_138,0.02,0.2,0.57,0.21,0.45,0.66,0.45,0.39,0.1,0.37,0.47,0.65,0.52,0.62,0.79,0.14,0.93,0.17,0.88,0.18,0.19,-0.25,-0.18,20.0,26.0,5.0,3.0,3.0,0.12,0.2,0.49,0.76,0.17,0.86
S3_139,0.27,0.29,0.87,0.91,0.52,0.29,0.31,0.74,0.34,0.5,0.11,0.64,0.07,0.67,0.17,0.81,0.19,0.13,0.4,0.26,0.4,-0.4,-0.11,24.0,27.0,5.0,2.0,3.0,0.1,0.23,0.52,0.08,0.81,0.88
S3_140,0.27,0.14,0.49,0.81,0.78,0.1,0.85,0.56,0.71,0.0,0.9,0.71,0.46,0.07,0.05,0.08,0.28,0.69,0.11,0.83,0.36,-0.21,-0.12,29.0,32.0,3.0,2.0,2.0,0.12,0.17,0.05,0.5,0.63,0.39
S3_141,0.66,0.62,0.47,0.77,0.62,0.42,0.58,0.68,0.24,0.61,0.59,0.11,0.34,0.93,0.15,0.33,0.83,0.63,0.83,0.8,0.46,-0.47,-0.22,30.0,30.0,5.0,2.0,1.0,0.07,0.07,0.47,0.49,0.27,0.63
S3_142,0.16,0.38,0.12,0.8,0.51,0.44,0.87,0.58,0.94,0.49,0.62,0.54,0.43,0.27,0.83,0.88,0.78,0.25,0.4,0.91,0.63,-0.29,-0.14,35.0,28.0,6.0,3.0,3.0,0.22,0.24,0.45,0.86,0.85,0.61
S3_143,0.47,0.33,0.74,0.38,0.59,0.67,0.02,0.27,0.74,0.98,0.64,0.59,0.08,0.78,0.2,0.04,0.88,0.04,0.69,0.16,0.15,-0.18,-0.19,33.0,21.0,7.0,4.0,3.0,0.09,0.07,0.97,0.38,0.95,0.96
S3_144,0.62,0.78,0.19,0.95,0.43,0.0,0.03,0.3,0.62,0.75,0.06,0.7,0.09,0.77,0.85,0.64,0.24,0.18,0.25,0.92,0.42,-0.28,-0.26,24.0,24.0,4.0,4.0,3.0,0.22,0.08,0.22,0.78,0.91,0.49
S3_145,0.54,0.86,0.04,0.61,0.78,0.73,0.59,0.95,0.73,0.61,0.33,0.93,0.47,0.63,0.11,0.35,0.6,0.76,0.35,0.88,0.02,-0.39,-0.13,26.0,21.0,8.0,4.0,2.0,0.07,0.24,0.81,0.39,0.05,0.46
S3_146,0.08,0.07,0.38,0.18,0.13,0.48,0.11,0.46,0.53,0.47,0.25,0.43,0.69,0.01,0.64,0.93,0.68,0.18,0.59,0.37,0.9,-0.31,-0.11,33.0,29.0,4.0,3.0,2.0,0.17,0.13,0.06,0.27,0.3,0.15
S3_147,0.27,0.33,0.13,0.43,0.99,0.03,0.97,0.17,0.3,0.78,0.63,0.16,0.76,0.6,0.65,0.66,0.17,0.16,0.9,0.19,0.81,-0.42,-0.13,22.0,29.0,6.0,4.0,2.0,0.16,0.22,0.38,0.4,0.3,0.1
S3_148,0.31,0.36,0.9,0.97,0.36,0.82,0.78,0.81,0.8,0.69,0.54,0.17,0.03,0.48,0.4,0.87,0.35,0.67,0.19,0.16,0.56,-0.39,-0.13,28.0,35.0,4.0,2.0,2.0,0.14,0.06,0.27,0.21,0.63,0.32
S3_149,0.83,0.26,0.45,0.09,0.65,0.83,0.7,0.99,0.79,0.56,0.01,0.9,0.32,0.73,0.41,0.76,0.69,0.55,0.24,0.96,0.35,-0.26,-0.25,21.0,32.0,4.0,4.0,3.0,0.19,0.22,0.38,0.44,0.26,0.78
S3_150,0.2,0.72,0.64,0.37,0.84,0.33,0.09,0.27,0.06,0.02,0.46,0.73,0.62,0.57,0.36,0.43,0.34,0.23,0.49,0.74,0.14,-0.2,-0.12,25.0,32.0,7.0,3.0,2.0,0.09,0.12,0.48,0.07,0.45,0.92
S3_151,0.21,0.71,0.55,0.89,0.18,0.73,0.41,0.27,0.47,0.71,0.91,0.71,1.0,0.27,0.8,0.54,0.5,0.73,0.96,0.97,0.78,-0.4,-0.28,29.0,35.0,6.0,3.0,2.0,0.24,0.13,0.21,0.32,0.07,0.24
S3_152,0.01,0.53,0.15,0.09,0.84,0.81,0.73,0.88,0.65,0.38,0.57,0.88,0.78,0.31,0.86,0.54,0.82,0.26,0.11,0.11,0.54,-0.22,-0.28,26.0,22.0,6.0,3.0,2.0,0.08,0.12,0.34,0.36,0.57,0.17
S3_153,0.06,0.52,0.79,0.08,0.37,0.44,0.26,0.33,0.55,0.69,0.51,0.02,0.51,0.59,0.6,0.35,0.83,0.18,0.43,0.11,0.53,-0.43,-0.29,24.0,27.0,7.0,2.0,4.0,0.24,0.14,0.81,0.57,0.46,0.35
S3_154,0.81,0.05,0.12,0.01,0.43,0.97,0.04,0.52,0.82,0.72,0.97,0.7,0.37,0.49,0.92,0.32,0.33,0.04,0.38,0.94,0.21,-0.24,-0.14,34.0,23.0,3.0,3.0,1.0,0.11,0.24,0.11,0.1,0.94,0.29
S3_155,0.63,0.68,0.18,0.31,0.55,0.23,0.56,0.37,0.12,0.55,0.28,0.43,0.72,0.74,0.08,0.99,0.0,0.79,0.1,0.95,0.58,-0.23,-0.23,32.0,25.0,6.0,2.0,3.0,0.23,0.15,0.56,0.66,0.66,0.84
S3_156,0.24,0.34,0.49,0.41,0.66,0.13,0.74,0.71,0.81,0.93,0.84,0.79,0.9,0.02,0.68,0.58,0.57,0.46,0.76,0.55,0.88,-0.47,-0.22,30.0,32.0,4.0,2.0,3.0,0.1,0.23,0.26,0.55,0.28,0.45
S3_157,0.58,0.46,0.77,0.02,0.32,0.08,0.46,0.09,0.49,0.41,0.99,0.71,0.6,0.15,0.3,0.65,0.56,0.11,0.64,0.05,0.61,-0.28,-0.14,27.0,24.0,4.0,3.0,2.0,0.17,0.18,0.85,0.43,0.09,0.48
S3_158,0.57,0.44,0.33,0.37,0.41,0.94,0.97,0.97,0.18,0.05,0.15,0.95,0.98,0.97,0.91,0.71,0.09,0.87,0.6,0.31,0.68,-0.27,-0.29,26.0,30.0,4.0,4.0,1.0,0.14,0.23,0.44,0.79,0.39,0.0
S3_159,0.38,0.91,0.89,0.58,0.85,0.48,0.49,0.64,0.12,0.12,0.72,0.63,0.23,0.53,0.05,0.81,0.78,0.68,0.06,0.61,0.29,-0.37,-0.26,35.0,30.0,6.0,3.0,3.0,0.14,0.07,0.64,0.74,0.41,0.19
S3_160,0.46,0.05,0.23,0.47,0.51,0.28,0.99,0.9,0.22,0.63,0.26,0.61,0.49,0.73,0.91,0.95,0.7,0.31,0.87,0.3,0.24,-0.44,-0.22,21.0,33.0,7.0,1.0,1.0,0.06,0.17,0.08,0.04,0.87,0.4
S3_161,0.25,0.18,0.34,0.71,0.36,0.51,0.54,0.43,0.5,0.11,0.6,0.07,0.12,0.3,0.03,0.5,0.45,0.48,0.44,0.76,0.15,-0.39,-0.29,20.0,30.0,4.0,3.0,3.0,0.21,0.13,0.62,0.03,0.42,0.76
S3_162,0.54,0.12,0.63,0.88,0.75,0.87,0.09,0.0,0.26,0.0,0.95,0.61,0.62,0.13,0.98,0.1,0.18,0.81,0.42,0.98,0.02,-0.43,-0.15,31.0,22.0,8.0,2.0,2.0,0.23,0.18,0.37,0.75,0.47,0.66
S3_163,0.66,0.12,0.41,0.38,0.99,0.25,0.67,0.79,0.33,0.45,0.52,0.9,0.67,0.79,0.22,0.29,0.51,0.2,0.31,0.19,0.48,-0.25,-0.21,24.0,22.0,7.0,3.0,2.0,0.17,0.09,0.75,0.96,0.94,0.77
S3_164,0.41,0.54,0.41,0.01,0.48,0.48,0.94,0.26,0.91,0.42,0.06,0.23,0.36,0.26,0.46,0.9,0.51,0.9,0.67,0.98,0.68,-0.23,-0.17,27.0,32.0,6.0,3.0,1.0,0.15,0.05,0.76,0.87,1.0,0.52
S3_165,0.34,0.61,0.14,0.84,0.56,0.13,0.71,0.13,0.01,0.64,0.12,0.51,0.94,0.26,0.19,0.31,0.25,0.49,0.15,0.36,0.78,-0.44,-0.29,33.0,27.0,4.0,3.0,3.0,0.17,0.22,0.87,0.77,0.1,0.58
S3_166,0.32,0.83,0.46,0.38,0.59,0.4,0.84,0.44,0.32,0.73,0.78,0.79,0.74,0.74,0.62,0.02,0.36,0.97,0.42,0.31,0.1,-0.21,-0.13,30.0,22.0,4.0,2.0,3.0,0.13,0.05,0.78,0.58,0.42,0.6
S3_167,0.26,0.79,0.5,0.78,0.98,0.45,0.04,0.93,0.72,0.03,0.62,0.17,0.88,0.07,0.36,0.03,0.23,0.44,0.86,0.6,0.65,-0.37,-0.12,23.0,26.0,5.0,3.0,2.0,0.15,0.18,0.13,0.04,0.28,0.71
S3_168,0.71,0.71,0.1,0.14,0.4,0.16,0.09,0.67,0.3,0.17,0.71,0.51,0.02,0.51,0.52,0.13,0.53,0.92,0.19,0.78,0.5,-0.27,-0.2,28.0,25.0,4.0,3.0,3.0,0.1,0.23,0.99,0.53,0.62,0.08
S3_169,0.4,0.25,0.49,0.5,0.73,0.77,0.22,0.7,0.11,0.66,0.13,0.25,0.81,0.05,0.72,0.34,0.18,0.38,0.87,0.56,0.35,-0.21,-0.29,25.0,31.0,6.0,3.0,4.0,0.18,0.23,0.42,0.48,0.98,0.02
S3_170,0.28,0.92,0.4,0.29,0.02,0.45,0.3,0.8,0.42,0.32,0.05,0.34,0.17,0.94,0.47,0.79,0.06,0.34,0.08,0.69,0.83,-0.25,-0.09,27.0,27.0,7.0,2.0,1.0,0.08,0.21,0.76,0.09,0.81,0.8
S3_171,0.72,0.67,0.88,0.77,0.52,0.49,0.61,0.98,0.6,0.25,0.55,0.59,0.02,0.96,0.24,0.77,0.28,0.4,0.57,0.5,0.29,-0.3,-0.25,20.0,22.0,7.0,3.0,4.0,0.21,0.19,0.19,0.8,0.4,0.66
S3_172,0.78,0.35,0.48,1.0,0.04,0.52,0.3,0.75,0.95,0.11,0.94,0.67,0.71,0.96,0.92,0.82,0.43,0.71,0.38,0.53,0.69,-0.26,-0.1,33.0,25.0,5.0,2.0,3.0,0.1,0.15,0.31,0.98,0.96,0.37
S3_173,0.82,0.84,0.6,0.91,0.58,0.49,0.11,0.38,0.57,0.97,0.61,0.44,0.94,0.79,0.84,0.04,0.22,0.91,0.16,0.37,0.01,-0.23,-0.18,22.0,23.0,6.0,2.0,1.0,0.25,0.23,0.97,0.42,0.71,0.23
S3_174,0.15,0.58,0.77,0.26,0.36,0.32,0.04,0.48,0.61,0.37,0.87,0.56,0.95,0.67,0.97,0.69,0.57,0.95,0.28,0.46,0.05,-0.34,-0.28,24.0,24.0,6.0,4.0,1.0,0.05,0.23,0.45,0.28,0.99,0.75
S3_175,0.2,0.64,0.59,0.72,0.76,0.39,0.38,0.76,0.08,0.05,0.42,0.83,0.7,0.85,0.07,0.22,0.42,0.78,0.16,0.45,0.42,-0.3,-0.23,22.0,33.0,4.0,1.0,4.0,0.24,0.1,0.71,0.34,0.38,0.31
S3_176,0.97,0.21,0.08,0.32,0.82,0.24,0.23,0.93,0.09,0.67,0.22,0.96,0.05,0.64,0.57,0.16,0.43,0.29,0.62,0.57,0.39,-0.43,-0.18,32.0,35.0,6.0,2.0,2.0,0.09,0.24,0.49,0.15,0.7,0.29
S3_177,0.75,0.71,0.93,0.62,0.01,0.98,0.51,0.82,0.11,0.99,0.42,0.66,0.43,0.46,0.03,0.62,0.63,0.42,0.2,0.15,0.46,-0.3,-0.15,31.0,25.0,5.0,4.0,3.0,0.05,0.2,0.77,0.28,0.4,0.42
S3_178,0.94,0.28,0.43,0.25,0.32,0.55,0.3,0.91,0.7,0.78,0.01,0.56,0.13,1.0,0.16,0.01,0.48,0.44,0.12,0.33,0.97,-0.33,-0.15,33.0,22.0,3.0,2.0,1.0,0.16,0.11,0.98,0.1,0.32,0.86
S3_179,0.44,0.08,0.31,0.57,0.89,0.85,0.46,0.6,0.2,0.8,0.25,0.28,0.27,0.75,0.03,0.84,0.97,0.6,0.47,0.99,0.89,-0.45,-0.23,28.0,30.0,6.0,3.0,2.0,0.1,0.12,0.21,0.02,0.25,0.27
S3_180,0.29,0.37,0.29,0.58,0.16,0.86,0.71,0.29,0.55,0.04,0.02,0.42,0.17,0.71,0.84,0.62,0.43,0.19,0.57,0.61,0.35,-0.32,-0.25,33.0,31.0,5.0,3.0,2.0,0.15,0.2,0.53,0.36,0.52,0.13
S3_181,0.06,0.39,0.51,0.0,0.62,0.53,0.42,0.94,0.27,1.0,0.54,0.41,0.04,0.56,0.25,0.18,0.09,0.29,0.4,0.08,0.88,-0.3,-0.24,28.0,25.0,3.0,1.0,3.0,0.23,0.12,0.32,0.41,0.12,0.55
S3_182,0.76,0.51,0.42,0.92,0.93,0.66,0.59,0.03,0.94,0.49,0.9,0.84,0.45,0.39,0.13,0.51,0.57,0.28,0.29,0.01,0.67,-0.24,-0.17,35.0,30.0,7.0,1.0,4.0,0.11,0.11,0.59,0.53,0.92,0.38
S3_183,0.03,0.26,0.72,0.61,0.59,0.01,0.42,0.65,0.39,0.25,0.76,0.8,0.4,0.17,0.02,0.78,0.77,0.25,0.47,0.76,0.61,-0.34,-0.15,22.0,30.0,4.0,4.0,3.0,0.22,0.21,0.17,0.72,0.32,0.72
S3_184,0.63,0.13,0.28,0.26,0.7,0.68,0.0,0.63,0.11,0.4,0.38,0.19,0.06,0.37,0.01,0.51,0.72,0.13,0.24,0.47,0.72,-0.38,-0.25,24.0,29.0,4.0,1.0,3.0,0.05,0.18,0.13,0.42,0.16,0.83
S3_185,0.63,0.38,0.36,0.43,0.43,0.55,0.13,0.45,0.86,0.7,0.64,0.98,0.07,0.22,0.89,0.39,0.17,0.78,0.71,0.63,0.63,-0.21,-0.25,26.0,29.0,8.0,3.0,3.0,0.24,0.21,0.55,0.34,0.83,0.69
S3_186,0.48,0.72,0.95,0.87,0.37,0.24,0.16,0.04,0.02,0.11,0.5,0.49,0.17,0.93,0.99,0.44,0.6,0.02,0.27,0.12,0.12,-0.42,-0.26,23.0,23.0,6.0,3.0,1.0,0.24,0.08,0.62,0.56,0.48,0.17
S3_187,0.65,0.8,0.6,0.27,0.64,0.9,0.15,0.29,0.25,0.23,0.95,0.32,0.09,0.98,0.53,0.77,0.09,0.43,0.31,0.29,0.42,-0.34,-0.18,30.0,23.0,6.0,4.0,3.0,0.12,0.12,0.72,0.35,0.13,0.54
S3_188,0.91,0.01,0.89,0.35,0.58,0.89,0.7,0.36,0.57,0.87,0.38,0.54,0.67,0.55,0.67,0.31,0.52,0.86,0.51,0.15,0.2,-0.29,-0.1,34.0,31.0,3.0,2.0,3.0,0.12,0.17,0.15,0.3,0.17,0.01
S3_189,0.42,0.52,0.43,0.3,0.89,0.18,0.85,0.76,0.13,0.77,0.21,0.36,0.8,0.21,0.17,0.7,0.6,0.09,0.4,0.87,0.39,-0.32,-0.13,26.0,30.0,6.0,1.0,1.0,0.09,0.18,0.72,0.54,0.58,0.91
S3_190,0.67,0.09,0.9,0.41,0.42,0.56,0.06,0.28,0.83,0.31,0.18,0.74,0.69,0.4,0.75,0.21,0.54,0.46,0.76,0.27,0.23,-0.46,-0.29,26.0,33.0,8.0,4.0,4.0,0.2,0.16,0.23,0.11,0.37,0.99
S3_191,1.0,0.57,0.0,0.14,0.61,0.64,0.74,0.72,0.01,0.37,0.59,0.32,0.5,0.99,0.44,0.49,0.2,0.9,0.28,0.44,0.74,-0.2,-0.24,32.0,29.0,6.0,3.0,1.0,0.17,0.14,0.41,0.49,0.82,0.38
S3_192,0.89,0.54,0.27,0.37,0.02,0.94,0.17,0.59,0.66,0.65,0.55,0.94,0.11,0.1,0.78,0.57,0.2,0.62,0.43,0.68,0.8,-0.43,-0.24,25.0,29.0,5.0,4.0,3.0,0.13,0.1,0.08,0.43,0.62,0.69
S3_193,0.78,0.62,0.74,0.25,0.54,0.72,0.44,0.69,0.84,0.31,0.26,0.3,0.43,0.26,0.07,0.59,0.4,0.71,0.79,0.75,0.89,-0.41,-0.25,20.0,34.0,7.0,3.0,4.0,0.08,0.24,0.47,0.85,0.84,0.32
S3_194,0.7,0.7,0.12,0.53,0.02,0.63,0.07,0.24,0.42,0.91,0.93,0.85,0.76,0.62,1.0,0.98,0.3,0.73,0.5,0.47,0.95,-0.37,-0.14,32.0,31.0,5.0,3.0,2.0,0.2,0.05,0.46,0.55,0.2,0.79
S3_195,0.64,0.86,0.67,0.46,0.8,0.28,0.23,0.28,0.51,0.28,0.61,0.96,0.95,0.99,0.23,0.94,0.81,0.23,0.06,0.5,0.17,-0.36,-0.22,33.0,27.0,5.0,1.0,2.0,0.12,0.08,0.9,0.29,0.89,1.0
S3_196,0.98,0.44,0.62,0.16,0.78,0.36,0.66,0.07,0.7,0.25,0.39,0.62,0.58,0.19,0.75,0.84,0.78,0.53,0.74,0.66,0.34,-0.21,-0.12,28.0,29.0,6.0,4.0,3.0,0.2,0.19,0.23,0.76,0.59,0.57
S3_197,0.58,0.97,0.58,0.61,0.51,0.52,0.62,0.81,0.2,0.18,0.22,0.68,0.97,0.07,0.95,0.75,0.16,0.79,0.19,0.88,0.58,-0.18,-0.3,30.0,29.0,4.0,2.0,4.0,0.15,0.13,0.83,0.55,0.84,0.76
S3_198,0.15,0.79,0.75,0.76,0.83,0.64,0.1,0.18,0.57,0.33,0.34,0.1,0.27,0.27,0.31,0.57,0.69,0.22,0.15,0.14,0.72,-0.46,-0.15,29.0,33.0,4.0,1.0,2.0,0.25,0.21,0.11,0.61,0.48,0.53
S3_199,0.98,0.53,0.58,0.44,0.81,0.5,0.88,0.67,0.65,0.41,0.2,0.25,0.44,0.43,0.23,0.42,0.44,0.14,0.56,0.52,0.94,-0.19,-0.12,23.0,22.0,7.0,3.0,1.0,0.15,0.13,0.14,0.39,0.75,0.51
S3_200,0.53,0.73,0.14,0.28,0.98,0.14,0.19,0.08,0.15,0.24,0.97,0.44,0.59,0.47,0.93,0.03,0.27,0.69,0.99,0.65,0.68,-0.39,-0.27,31.0,28.0,6.0,2.0,3.0,0.14,0.06,0.3,0.17,0.74,0.05
S3_201,0.14,0.55,0.66,0.57,0.95,0.83,0.24,0.97,0.98,0.58,0.37,0.85,0.69,0.87,0.72,0.49,0.64,0.48,0.69,0.38,0.94,-0.2,-0.24,35.0,20.0,6.0,4.0,2.0,0.19,0.09,0.99,0.24,0.8,0.01
S3_202,0.14,0.98,0.32,0.82,0.08,0.83,0.38,0.6,0.02,0.95,0.69,0.51,0.24,0.11,0.2,0.49,0.32,0.58,0.09,0.26,0.47,-0.27,-0.11,24.0,34.0,6.0,3.0,1.0,0.15,0.19,0.49,0.6,0.66,0.54
S3_203,0.84,0.71,0.66,0.74,0.22,0.19,0.89,0.41,0.68,0.1,0.56,0.06,0.23,0.39,0.56,0.76,0.71,0.36,0.63,0.91,0.73,-0.23,-0.27,31.0,21.0,4.0,2.0,2.0,0.17,0.16,0.19,0.11,0.47,0.33
S3_204,0.76,0.41,0.13,0.97,0.46,0.65,0.27,0.79,0.48,0.12,0.5,0.47,0.16,0.26,0.74,0.84,0.62,0.52,0.9,0.43,0.93,-0.33,-0.11,32.0,24.0,5.0,3.0,4.0,0.23,0.16,0.88,0.06,0.32,0.58
S3_205,0.45,0.4,0.29,0.55,0.42,0.11,0.47,0.2,0.47,0.09,0.15,0.47,0.51,0.76,0.4,0.86,0.58,0.58,0.37,0.78,0.73,-0.22,-0.28,30.0,24.0,6.0,2.0,2.0,0.07,0.25,0.44,0.38,0.21,0.47
S3_206,0.73,0.1,0.06,0.2,0.49,0.49,0.19,0.11,0.46,0.44,0.7,0.18,0.52,0.87,0.2,0.45,0.76,0.15,0.41,0.01,0.49,-0.19,-0.25,31.0,30.0,7.0,3.0,3.0,0.11,0.14,0.38,0.22,0.13,0.81
S3_207,0.43,0.58,0.45,0.89,0.81,0.96,0.04,0.37,0.44,0.56,0.75,0.73,0.54,0.8,0.85,0.88,0.15,0.69,0.48,0.04,0.25,-0.25,-0.19,32.0,29.0,7.0,2.0,2.0,0.19,0.11,0.72,0.42,0.91,0.14
S3_208,0.59,0.03,0.6,0.43,0.1,0.29,0.48,0.1,0.22,0.56,0.27,0.44,0.17,0.2,0.14,0.13,0.23,0.56,0.39,0.24,0.59,-0.2,-0.27,20.0,27.0,7.0,3.0,1.0,0.08,0.2,0.61,0.26,0.48,0.59
S3_209,0.64,0.81,0.15,0.34,0.86,0.79,0.19,0.64,0.67,0.46,0.23,0.39,0.24,0.9,0.01,0.47,0.65,0.69,0.3,0.42,0.8,-0.23,-0.16,28.0,24.0,5.0,1.0,2.0,0.09,0.22,0.32,0.72,0.13,0.82
S3_210,0.51,0.91,0.03,0.66,0.74,0.74,0.98,0.75,0.69,0.48,0.44,0.36,0.53,0.32,0.59,0.89,0.72,0.74,0.36,0.16,0.23,-0.4,-0.09,25.0,32.0,5.0,4.0,1.0,0.19,0.19,0.59,0.75,0.01,0.79
S3_211,0.68,0.98,0.69,0.27,0.82,0.41,0.16,0.52,0.77,0.64,0.13,0.37,0.94,0.99,0.16,0.34,0.36,0.01,0.36,0.61,0.61,-0.35,-0.27,22.0,30.0,5.0,3.0,2.0,0.13,0.11,0.87,0.04,0.49,0.24
S3_212,0.34,0.72,0.26,0.49,0.18,0.53,0.76,0.81,0.41,0.21,0.36,0.95,0.65,0.07,0.29,0.97,0.46,0.56,0.48,0.42,0.82,-0.41,-0.23,22.0,30.0,5.0,3.0,2.0,0.1,0.06,0.48,0.57,0.38,0.75
S3_213,0.3,0.23,0.19,0.53,0.42,0.64,0.37,0.81,0.3,0.53,0.53,0.58,0.46,0.24,0.06,0.39,0.79,0.76,0.59,0.07,0.25,-0.25,-0.25,24.0,27.0,7.0,3.0,4.0,0.19,0.13,0.75,0.4,0.75,0.82
S3_214,0.77,0.21,0.48,0.99,0.51,0.64,0.12,0.06,0.1,0.3,0.17,0.03,0.51,0.72,0.46,0.07,0.47,0.09,0.41,0.64,0.13,-0.4,-0.23,23.0,28.0,4.0,3.0,3.0,0.17,0.14,0.33,0.7,0.0,0.86
S3_215,0.35,0.85,0.94,0.93,0.76,0.58,0.77,0.57,0.26,0.87,0.88,0.42,0.55,0.35,0.86,0.14,0.55,0.06,0.89,0.19,0.99,-0.22,-0.09,32.0,26.0,4.0,1.0,2.0,0.05,0.17,0.19,0.14,0.7,0.89
S3_216,0.71,0.58,0.85,0.35,0.34,0.26,0.25,0.8,0.44,0.38,0.14,0.24,0.95,0.1,0.39,0.65,0.1,0.88,0.89,0.84,0.29,-0.46,-0.19,21.0,23.0,8.0,2.0,4.0,0.1,0.07,0.88,0.93,0.06,0.88
S3_217,0.69,0.03,0.57,0.83,0.17,0.07,0.01,0.55,0.28,0.85,0.48,0.15,0.86,0.77,0.87,0.9,0.24,0.66,0.18,0.95,0.93,-0.29,-0.25,35.0,28.0,7.0,4.0,3.0,0.09,0.25,0.27,0.67,0.64,0.11
S3_218,0.62,0.49,0.53,0.3,0.23,0.42,0.25,0.56,0.74,0.82,0.59,0.93,0.3,0.72,0.39,0.93,0.72,0.49,0.7,0.09,0.59,-0.39,-0.22,22.0,28.0,7.0,4.0,1.0,0.22,0.11,0.82,0.67,1.0,0.63
S3_219,0.44,0.72,0.52,0.2,0.98,0.6,0.39,0.05,0.19,0.21,0.93,0.01,0.89,0.88,0.28,0.05,0.08,0.52,0.19,0.0,0.42,-0.27,-0.24,33.0,20.0,5.0,3.0,3.0,0.14,0.18,0.12,0.66,0.09,0.42
S3_220,0.37,0.32,0.97,0.82,0.95,0.08,0.34,0.37,0.52,0.06,0.62,0.83,0.55,0.06,0.46,0.22,0.29,0.11,0.48,0.73,0.98,-0.46,-0.1,33.0,21.0,3.0,4.0,3.0,0.21,0.12,0.79,0.76,0.2,0.04
S3_221,0.35,0.76,0.64,0.98,0.24,0.62,0.89,0.17,0.5,0.09,0.08,0.33,0.3,0.35,0.34,0.11,0.38,0.35,0.98,0.14,0.43,-0.24,-0.2,31.0,29.0,3.0,4.0,2.0,0.16,0.07,0.56,0.16,0.54,0.7
S3_222,0.01,0.18,0.66,0.12,0.39,0.43,0.29,0.4,0.03,0.9,0.0,0.04,0.96,0.86,0.27,0.55,0.3,0.74,0.6,0.62,0.07,-0.3,-0.26,35.0,32.0,6.0,3.0,2.0,0.15,0.2,0.26,0.4,0.37,0.05
S3_223,0.16,0.84,0.37,0.01,0.03,0.41,0.28,0.99,0.07,0.51,0.56,0.4,0.89,0.39,0.7,0.84,0.13,0.77,0.63,0.75,0.6,-0.38,-0.13,21.0,33.0,5.0,2.0,3.0,0.22,0.11,0.43,0.32,0.49,0.92
S3_224,0.91,0.19,0.7,0.82,0.7,0.36,0.33,0.5,0.12,0.15,0.5,0.74,0.31,0.28,0.36,0.78,0.27,0.92,0.74,0.68,0.74,-0.37,-0.25,33.0,31.0,5.0,4.0,2.0,0.22,0.21,0.17,0.43,0.14,0.11
S3_225,0.58,0.16,0.36,0.13,0.3,0.71,0.56,0.73,0.66,0.29,0.03,0.51,0.82,0.12,0.95,0.63,0.2,0.93,0.1,0.75,0.55,-0.21,-0.22,21.0,33.0,6.0,2.0,4.0,0.18,0.08,0.81,0.34,0.3,0.03
S3_226,0.36,0.44,0.22,0.46,0.79,0.45,0.48,0.77,0.45,0.48,0.05,0.66,0.64,0.93,0.93,0.99,0.11,0.0,0.07,0.93,0.29,-0.26,-0.28,23.0,26.0,4.0,1.0,1.0,0.08,0.14,0.75,0.1,0.82,0.66
S3_227,0.2,0.47,0.59,0.8,0.74,0.65,0.58,0.6,0.76,0.63,0.48,0.96,0.77,0.5,0.07,0.33,0.26,0.23,0.77,0.13,0.57,-0.38,-0.25,30.0,22.0,6.0,4.0,1.0,0.12,0.13,0.96,0.06,0.72,0.7
S3_228,0.11,0.76,0.39,0.29,0.85,0.84,0.18,0.41,0.35,0.18,0.1,0.64,0.12,0.8,0.36,0.07,0.09,0.24,0.01,0.76,0.94,-0.44,-0.12,25.0,24.0,8.0,2.0,3.0,0.17,0.11,0.68,0.88,0.07,0.39
S3_229,0.77,0.05,0.2,0.47,0.33,0.38,0.84,0.87,0.83,0.25,0.39,0.45,0.01,0.24,0.61,0.76,0.61,0.37,0.24,0.96,0.64,-0.26,-0.3,30.0,23.0,5.0,3.0,2.0,0.12,0.21,0.8,0.51,0.97,0.33
S3_230,0.54,0.21,0.97,0.58,0.03,0.59,0.39,0.28,0.6,0.44,0.39,0.95,0.22,0.5,0.11,0.43,0.96,0.99,0.29,0.45,0.45,-0.23,-0.23,20.0,22.0,6.0,3.0,3.0,0.21,0.1,0.04,0.6,0.34,0.4
S3_231,0.39,0.46,0.55,0.11,1.0,0.7,0.99,0.13,0.08,0.51,0.3,0.35,0.6,0.76,0.66,0.5,0.94,0.71,0.72,0.88,0.11,-0.18,-0.29,31.0,31.0,6.0,4.0,2.0,0.11,0.13,0.67,0.74,0.78,0.73
S3_232,0.24,0.5,0.78,0.28,0.89,0.3,0.05,0.32,0.65,0.5,0.78,0.53,0.08,0.91,0.77,0.73,0.92,0.29,0.78,0.48,0.33,-0.21,-0.16,31.0,24.0,4.0,1.0,2.0,0.07,0.21,0.06,0.63,0.22,0.89
S3_233,0.55,0.8,0.06,0.88,0.62,0.81,0.71,0.87,0.8,0.4,0.66,0.49,0.16,0.13,0.16,0.23,0.97,0.93,0.92,0.24,0.56,-0.24,-0.18,35.0,28.0,6.0,2.0,3.0,0.24,0.16,0.52,0.62,0.95,0.19
S3_234,0.86,0.17,0.07,0.6,0.65,0.78,0.84,0.13,0.9,0.81,0.15,0.46,0.14,0.23,0.7,0.78,0.76,0.67,0.5,0.46,0.75,-0.45,-0.17,31.0,27.0,6.0,3.0,3.0,0.19,0.22,0.85,0.91,0.35,0.11
S3_235,0.51,0.7,0.25,0.71,0.3,0.95,0.16,0.17,0.32,0.77,0.75,0.58,0.86,0.21,0.48,0.27,0.08,0.35,0.57,0.02,0.31,-0.3,-0.16,31.0,29.0,6.0,2.0,2.0,0.2,0.12,0.91,0.46,0.93,0.09
S3_236,0.68,0.89,1.0,0.33,0.12,0.37,0.13,0.05,0.24,0.19,0.63,0.51,0.56,0.57,0.12,0.93,0.22,0.62,0.21,0.79,0.32,-0.25,-0.14,27.0,25.0,7.0,1.0,3.0,0.11,0.15,0.03,0.77,0.23,0.67
S3_237,0.59,0.82,0.64,0.01,0.58,0.57,0.35,0.01,0.54,0.91,0.6,0.47,0.86,0.41,0.97,0.42,0.52,0.14,0.72,0.2,1.0,-0.35,-0.16,33.0,32.0,4.0,1.0,3.0,0.19,0.24,0.09,0.1,0.98,0.06
S3_238,0.76,0.65,0.31,0.5,0.74,0.51,0.52,0.07,0.99,0.89,0.22,0.79,0.98,0.82,0.96,0.53,0.94,0.21,0.52,0.62,0.74,-0.41,-0.27,27.0,25.0,6.0,4.0,3.0,0.06,0.21,0.96,0.46,0.81,0.64
S3_239,0.93,0.08,0.27,0.76,0.05,0.39,0.03,0.14,0.81,0.69,0.81,0.87,0.62,0.17,0.25,0.18,0.91,0.64,0.08,0.21,0.9,-0.41,-0.15,32.0,34.0,8.0,3.0,3.0,0.13,0.19,0.6,0.29,0.65,0.8
S3_240,0.04,0.8,0.18,0.92,0.5,0.35,0.08,0.91,0.09,0.44,0.23,0.76,0.74,0.44,0.74,0.21,0.58,0.03,0.62,0.77,0.82,-0.4,-0.25,34.0,31.0,3.0,2.0,1.0,0.11,0.09,0.56,0.72,0.21,0.64
S3_241,0.9,0.09,0.17,0.55,0.8,0.21,0.76,0.57,0.76,0.18,0.08,0.38,0.11,0.43,0.55,0.05,0.75,0.86,0.21,0.77,0.55,-0.4,-0.2,23.0,27.0,8.0,1.0,3.0,0.2,0.17,0.53,0.64,0.76,0.24
S3_242,0.45,0.01,0.67,0.79,0.1,0.77,0.96,0.78,0.69,0.36,0.24,0.64,0.1,0.69,0.99,0.6,0.87,0.28,0.39,0.67,0.16,-0.47,-0.2,26.0,27.0,7.0,3.0,2.0,0.07,0.17,0.93,0.64,0.32,0.72
S3_243,0.55,0.6,0.31,0.2,0.88,0.56,0.34,0.85,0.83,0.27,0.35,0.11,0.44,0.95,0.11,0.19,0.95,0.53,0.59,0.87,0.54,-0.32,-0.12,31.0,33.0,4.0,2.0,4.0,0.1,0.2,0.21,0.78,0.18,0.16
S3_244,0.55,0.17,0.1,0.69,0.52,0.74,0.98,0.4,0.49,0.27,0.49,0.55,0.35,0.87,0.89,0.67,0.57,0.47,0.48,0.36,0.51,-0.35,-0.09,25.0,29.0,5.0,1.0,3.0,0.18,0.15,0.95,0.15,0.22,0.07
S3_245,0.08,0.34,0.26,0.66,0.8,0.8,0.29,0.19,0.89,0.04,0.66,0.56,0.16,0.68,0.33,0.59,0.11,0.47,0.04,0.24,0.04,-0.25,-0.2,30.0,26.0,8.0,3.0,2.0,0.14,0.11,0.55,0.83,0.25,0.56
S3_246,0.25,0.79,0.95,0.33,0.25,0.46,0.88,0.31,0.65,0.12,0.46,0.44,0.27,0.17,0.84,0.57,0.67,0.93,0.92,0.93,0.2,-0.46,-0.22,24.0,23.0,5.0,3.0,3.0,0.2,0.14,0.67,0.35,0.78,0.53
S3_247,0.87,0.07,0.17,0.58,0.19,0.39,0.94,0.92,0.56,0.08,0.99,0.35,0.92,0.9,0.56,0.29,0.31,0.51,0.22,0.49,0.82,-0.47,-0.26,34.0,28.0,7.0,2.0,2.0,0.21,0.13,0.37,0.68,0.87,0.24
S3_248,0.18,0.41,0.66,0.39,0.21,0.62,0.35,0.58,0.0,0.45,0.84,0.05,0.18,0.83,0.13,0.62,0.67,0.25,0.3,0.83,0.64,-0.32,-0.1,28.0,27.0,4.0,1.0,2.0,0.07,0.1,1.0,0.61,0.82,0.13
S3_249,0.49,0.6,0.88,0.5,0.9,0.8,0.6,0.46,0.23,0.68,0.67,0.11,0.47,0.74,0.95,0.44,0.77,0.09,0.77,0.72,0.97,-0.42,-0.21,25.0,29.0,3.0,3.0,4.0,0.2,0.25,0.87,0.22,0.23,0.34
S3_250,0.55,0.94,0.84,0.54,0.76,0.82,0.92,0.66,0.76,0.66,0.26,0.17,0.42,0.7,0.48,0.88,0.64,0.06,0.17,0.19,0.94,-0.33,-0.26,32.0,28.0,7.0,2.0,4.0,0.11,0.13,0.41,0.74,0.89,0.35
S3_251,0.56,0.96,0.05,0.39,0.26,0.03,0.72,0.48,0.21,0.61,0.06,0.99,0.77,0.38,0.23,0.97,0.79,0.97,0.35,0.71,0.14,-0.34,-0.13,24.0,33.0,5.0,3.0,2.0,0.14,0.11,0.11,0.15,0.43,0.49
S3_252,0.93,0.22,0.13,0.17,0.72,0.59,0.98,0.33,0.99,0.78,0.41,0.3,0.92,0.61,0.6,0.92,0.48,0.47,0.93,0.62,0.92,-0.44,-0.2,21.0,25.0,7.0,2.0,3.0,0.2,0.07,0.53,0.18,0.04,0.88
S3_253,0.59,0.55,0.86,0.36,0.29,0.95,0.29,0.62,0.12,0.65,0.05,0.9,0.53,0.07,0.69,0.19,0.75,0.37,0.91,0.34,0.46,-0.21,-0.2,29.0,26.0,7.0,3.0,2.0,0.13,0.17,0.79,0.92,0.07,0.18
S3_254,0.6,0.89,0.94,0.14,0.47,0.62,0.01,0.91,0.51,0.61,0.72,0.3,0.96,0.34,0.43,0.64,0.9,0.36,0.23,0.86,0.25,-0.22,-0.24,30.0,25.0,5.0,3.0,4.0,0.2,0.22,0.45,0.08,0.2,0.83
S3_255,0.57,0.36,0.98,0.15,0.89,0.16,0.8,0.7,0.41,0.85,0.33,0.01,0.25,0.65,0.88,0.82,0.79,0.13,0.64,0.39,0.88,-0.42,-0.18,35.0,31.0,7.0,2.0,3.0,0.22,0.13,0.65,0.33,0.24,0.95
S3_256,0.61,0.75,0.52,0.14,0.04,0.37,0.92,0.01,0.69,0.72,0.43,0.61,0.84,0.81,0.04,0.89,0.81,0.26,0.28,0.25,0.54,-0.17,-0.1,31.0,21.0,3.0,2.0,3.0,0.23,0.06,0.48,0.28,0.44,0.93
S3_257,0.84,0.64,0.01,0.97,0.9,0.15,0.99,0.65,0.04,0.32,0.69,0.47,0.41,0.94,0.98,0.68,0.91,0.62,0.81,0.04,0.34,-0.17,-0.18,28.0,23.0,4.0,4.0,3.0,0.18,0.17,0.64,0.07,0.8,0.73
S3_258,0.37,0.69,0.41,0.07,0.96,0.67,0.27,0.36,0.88,0.6,0.09,0.33,0.68,0.05,0.28,0.98,0.02,0.17,0.68,0.43,0.92,-0.39,-0.17,26.0,21.0,4.0,3.0,3.0,0.21,0.21,0.5,0.56,0.52,0.41
S3_259,0.25,0.77,0.04,0.5,0.16,0.85,0.53,0.94,0.78,0.03,0.83,0.37,0.59,0.86,0.85,0.88,0.42,0.57,0.65,0.33,0.34,-0.3,-0.17,24.0,20.0,7.0,2.0,1.0,0.16,0.17,0.54,0.25,0.75,0.04
S3_260,0.99,0.6,0.76,0.84,0.53,0.55,0.39,0.26,0.67,0.63,0.43,0.05,0.96,0.58,0.31,0.25,0.76,0.69,0.91,0.1,0.65,-0.28,-0.24,27.0,32.0,5.0,3.0,3.0,0.17,0.22,0.2,0.84,0.81,0.48
S3_261,0.83,0.39,0.38,0.1,0.69,0.69,0.05,0.73,0.33,0.53,0.02,0.81,0.13,1.0,0.08,0.4,0.84,0.35,0.18,0.61,0.56,-0.28,-0.17,27.0,23.0,4.0,1.0,3.0,0.09,0.22,0.94,0.83,0.52,0.85
S3_262,0.47,0.39,0.81,0.73,0.23,0.07,0.81,0.58,0.73,0.88,0.45,0.71,0.61,0.14,0.68,0.83,0.42,0.19,0.67,0.72,0.03,-0.23,-0.16,30.0,25.0,7.0,4.0,2.0,0.12,0.06,0.66,0.59,0.26,0.47
S3_263,0.14,0.32,0.61,0.59,0.14,0.15,0.66,0.65,0.79,0.85,0.17,0.26,0.46,0.92,0.18,0.56,0.13,0.73,0.72,0.57,0.87,-0.34,-0.29,27.0,34.0,5.0,2.0,1.0,0.18,0.14,0.18,0.45,0.04,0.6
S3_264,0.13,0.91,0.22,0.68,0.2,0.18,0.48,0.89,0.47,0.68,0.94,0.86,0.74,0.79,0.52,0.06,0.14,0.55,0.47,0.82,0.85,-0.41,-0.09,33.0,31.0,4.0,3.0,2.0,0.07,0.19,0.1,0.22,0.67,0.58
S3_265,0.03,0.33,0.62,0.18,0.25,0.21,0.07,0.97,0.86,0.02,0.42,0.09,0.82,0.5,0.54,0.25,0.52,0.5,0.2,0.25,0.35,-0.28,-0.18,30.0,25.0,5.0,3.0,4.0,0.15,0.12,0.55,0.9,0.0,0.42
S3_266,0.88,0.01,0.26,0.99,0.69,0.1,0.79,0.08,0.24,0.11,0.57,0.12,0.57,0.4,0.18,0.88,0.4,0.01,0.63,0.83,0.93,-0.19,-0.17,32.0,30.0,7.0,3.0,4.0,0.13,0.19,0.47,0.18,0.64,0.06
S3_267,0.07,0.77,0.8,0.06,0.04,0.72,0.83,0.14,0.59,0.94,0.07,0.2,0.48,0.67,0.96,0.0,0.89,0.32,0.3,0.03,0.68,-0.43,-0.13,23.0,29.0,4.0,1.0,2.0,0.22,0.14,0.26,0.89,0.29,0.97
S3_268,0.81,0.73,0.91,0.45,0.07,0.86,0.29,0.11,0.71,0.03,0.38,0.92,0.98,0.24,0.69,0.16,0.99,0.91,0.12,0.52,0.57,-0.33,-0.14,35.0,26.0,5.0,1.0,3.0,0.19,0.18,0.67,0.81,0.83,0.96
S3_269,0.95,0.17,0.66,0.52,0.85,0.97,0.33,0.18,0.17,0.07,0.39,0.36,0.22,0.15,0.29,0.47,0.01,0.71,0.94,0.66,0.58,-0.19,-0.23,25.0,24.0,6.0,2.0,2.0,0.18,0.25,0.38,0.51,0.18,0.5
S3_270,0.28,0.02,0.32,0.92,0.66,0.9,0.49,0.54,0.59,0.59,0.47,0.35,0.21,0.45,0.49,0.73,0.61,0.86,0.65,0.68,0.08,-0.33,-0.1,23.0,29.0,7.0,1.0,4.0,0.23,0.18,0.61,0.78,0.16,0.92
S3_271,0.5,0.16,0.16,0.78,0.86,0.06,0.25,0.55,0.43,0.87,0.37,0.35,0.6,0.64,0.26,0.47,0.39,0.63,0.21,0.36,0.78,-0.4,-0.11,34.0,30.0,5.0,2.0,3.0,0.07,0.15,0.28,0.41,0.53,0.46
S3_272,0.96,0.94,0.71,0.88,0.78,0.71,0.9,0.43,0.75,0.26,0.02,0.4,0.49,0.56,0.71,0.43,0.88,0.51,0.14,0.2,0.7,-0.39,-0.14,22.0,32.0,3.0,3.0,2.0,0.14,0.09,0.69,0.8,0.07,0.92
S3_273,0.64,0.52,0.99,0.26,0.63,0.95,0.6,0.51,0.84,0.97,0.49,0.2,0.8,0.51,0.18,0.74,0.07,0.79,0.34,0.86,0.75,-0.26,-0.16,34.0,22.0,7.0,2.0,3.0,0.25,0.07,0.03,0.73,0.04,0.73
S3_274,0.01,0.56,0.79,0.58,0.29,0.98,0.58,0.53,0.87,0.53,0.65,0.01,0.96,0.24,0.87,0.26,0.48,0.0,0.72,0.7,0.84,-0.47,-0.14,30.0,26.0,5.0,2.0,3.0,0.18,0.24,0.89,0.53,0.54,0.28
S3_275,0.72,0.59,0.51,0.67,0.41,0.93,0.34,0.11,0.16,0.97,0.3,0.73,0.3,0.04,0.12,0.85,0.58,0.82,0.86,0.48,0.2,-0.35,-0.3,26.0,29.0,3.0,1.0,3.0,0.2,0.11,0.28,0.75,0.71,0.22
S3_276,0.12,0.5,0.72,0.35,0.91,0.89,0.44,0.58,0.82,0.89,0.17,0.75,0.78,0.33,0.1,1.0,0.02,0.34,0.08,0.95,0.13,-0.25,-0.19,29.0,34.0,7.0,2.0,3.0,0.24,0.19,0.29,0.61,0.27,0.98
S3_277,0.22,0.07,0.44,0.21,0.14,0.55,0.86,0.84,0.46,0.48,0.48,0.79,0.42,0.88,0.82,0.65,0.95,0.75,0.81,0.98,0.8,-0.29,-0.21,34.0,21.0,7.0,3.0,3.0,0.07,0.24,0.23,0.18,0.72,0.14
S3_278,0.44,0.2,0.4,0.64,0.97,0.47,0.83,0.54,0.44,0.96,0.39,0.15,0.0,0.11,0.47,0.67,0.71,0.54,0.49,0.07,0.69,-0.33,-0.26,27.0,33.0,3.0,3.0,1.0,0.1,0.17,0.39,0.81,0.36,0.56
S3_279,0.95,0.41,0.25,0.69,0.94,0.58,0.72,0.79,0.37,0.24,0.82,0.26,0.84,0.52,0.62,0.45,0.1,0.95,0.31,0.46,0.94,-0.18,-0.11,34.0,27.0,7.0,1.0,2.0,0.24,0.2,0.24,0.21,0.63,0.85
S3_280,0.94,0.41,0.37,0.67,0.29,0.62,0.89,0.16,0.75,0.01,0.31,0.89,0.33,0.6,0.74,0.52,0.86,0.94,0.06,0.35,0.51,-0.22,-0.21,33.0,27.0,5.0,1.0,4.0,0.1,0.22,0.64,0.65,0.73,0.02
S3_281,0.77,0.14,0.39,0.35,0.42,0.2,0.98,0.36,0.87,0.72,0.01,0.25,0.81,0.54,0.94,0.07,0.63,0.16,0.87,0.54,0.48,-0.17,-0.17,29.0,23.0,7.0,2.0,2.0,0.06,0.11,0.45,0.29,0.11,0.35
S3_282,0.69,0.9,0.24,0.45,0.87,0.14,0.85,0.67,0.7,0.23,0.5,0.99,0.56,0.22,0.94,0.75,0.93,0.74,0.84,0.06,0.69,-0.29,-0.24,24.0,23.0,7.0,3.0,3.0,0.23,0.1,0.35,0.63,0.86,0.24
S3_283,0.4,0.93,0.99,0.84,0.91,0.96,0.25,0.63,0.6,0.99,1.0,0.57,0.35,0.02,0.65,0.72,0.28,0.2,0.04,0.09,0.67,-0.21,-0.29,23.0,21.0,6.0,3.0,4.0,0.06,0.18,0.03,0.19,0.12,0.12
S3_284,0.05,0.4,0.62,0.18,0.65,0.91,0.74,0.68,0.68,0.16,0.37,0.32,0.08,0.28,0.87,0.34,0.2,0.28,0.36,0.28,0.04,-0.2,-0.18,26.0,26.0,8.0,2.0,2.0,0.05,0.05,0.35,0.37,0.87,0.79
S3_285,0.69,0.24,0.47,0.55,0.47,0.59,0.81,0.28,0.27,0.6,0.19,0.72,0.77,0.69,0.51,0.74,0.02,0.32,0.48,0.27,0.38,-0.24,-0.23,32.0,28.0,5.0,3.0,3.0,0.11,0.07,0.47,0.24,0.03,0.9
S3_286,0.87,0.54,0.78,0.1,0.92,0.23,0.4,0.63,0.29,0.17,0.88,0.15,0.92,0.53,0.24,0.48,0.14,0.84,0.41,0.57,0.19,-0.37,-0.09,23.0,24.0,5.0,4.0,2.0,0.12,0.16,0.89,0.43,0.52,0.99
S3_287,0.77,0.73,0.78,0.86,0.63,0.84,0.64,0.94,0.4,0.07,0.63,0.77,0.16,0.95,0.97,0.02,0.23,0.05,0.16,0.14,0.47,-0.22,-0.12,21.0,35.0,8.0,2.0,2.0,0.05,0.25,0.65,0.61,0.29,0.45
S3_288,0.16,0.38,0.42,0.29,0.55,0.81,0.14,0.69,0.54,0.77,0.87,0.04,0.37,0.77,0.73,0.93,0.02,0.07,0.7,0.74,0.99,-0.36,-0.23,27.0,26.0,5.0,3.0,1.0,0.07,0.19,0.3,0.53,0.13,0.27
S3_289,0.86,0.4,0.14,0.37,0.2,0.61,0.47,0.39,0.05,0.87,0.58,0.24,0.2,0.9,0.54,0.38,0.63,0.12,0.53,0.76,0.32,-0.4,-0.23,33.0,29.0,8.0,4.0,3.0,0.06,0.16,0.2,0.87,0.05,0.26
S3_290,0.65,0.56,0.5,0.92,0.53,0.14,0.21,0.66,0.53,0.04,0.29,0.1,0.64,0.01,0.63,0.17,0.47,0.07,0.61,0.25,0.2,-0.31,-0.25,21.0,32.0,5.0,1.0,4.0,0.22,0.24,0.62,0.74,0.24,0.0
S3_291,0.12,0.01,0.27,0.59,0.22,0.27,0.56,0.71,0.03,0.8,0.71,0.5,0.63,0.64,0.23,0.69,0.41,0.64,0.67,0.18,0.46,-0.28,-0.14,33.0,24.0,5.0,3.0,4.0,0.06,0.12,0.29,0.31,0.5,0.04
S3_292,0.94,0.65,0.31,0.27,0.41,0.43,0.52,0.43,0.79,0.32,0.49,0.08,0.62,0.44,0.6,0.54,0.41,0.76,0.91,0.37,0.01,-0.21,-0.28,28.0,30.0,6.0,3.0,2.0,0.18,0.12,0.57,0.85,0.15,0.58
S3_293,0.04,0.75,0.23,0.17,0.97,0.15,0.46,0.43,0.05,0.59,0.76,0.91,0.04,0.89,0.54,0.57,0.76,0.38,0.64,0.35,0.99,-0.44,-0.14,31.0,33.0,7.0,1.0,2.0,0.18,0.17,0.68,0.59,0.97,0.5
S3_294,0.21,0.59,0.45,0.04,0.92,0.72,0.47,0.51,0.53,0.06,0.36,0.13,0.0,0.63,0.14,0.77,0.94,0.38,0.63,0.51,0.48,-0.44,-0.2,23.0,30.0,7.0,2.0,4.0,0.12,0.18,0.51,0.02,0.9,0.95
S3_295,0.91,0.13,0.53,0.42,0.64,0.46,0.42,0.53,0.21,0.66,0.73,0.71,0.81,0.22,0.32,0.42,0.44,0.38,0.61,0.91,0.1,-0.27,-0.28,24.0,31.0,5.0,3.0,3.0,0.14,0.08,0.56,0.65,0.51,0.07
S3_296,0.52,0.17,0.17,0.19,0.55,0.98,0.24,0.56,0.92,0.08,0.98,0.2,0.0,0.71,0.2,0.2,0.71,0.96,0.76,0.26,0.28,-0.17,-0.17,29.0,29.0,7.0,3.0,3.0,0.08,0.23,0.1,0.2,0.01,0.57
S3_297,0.15,0.38,0.92,0.02,0.02,0.79,0.94,0.8,0.81,0.12,0.84,0.89,0.39,0.91,0.09,0.1,0.59,0.11,0.92,0.99,0.09,-0.36,-0.28,31.0,22.0,3.0,2.0,2.0,0.12,0.16,0.29,0.44,1.0,0.52
S3_298,0.18,0.57,0.33,0.08,0.27,0.82,0.62,0.46,0.83,0.57,0.96,0.88,0.97,0.82,0.9,0.98,0.97,0.74,0.63,0.11,0.83,-0.35,-0.17,28.0,25.0,4.0,3.0,1.0,0.1,0.17,0.05,0.27,0.33,0.48
S3_299,0.89,0.31,0.22,0.63,0.27,0.57,0.5,0.99,0.8,0.76,0.8,0.05,0.41,0.54,0.94,0.12,0.03,0.08,0.58,0.23,0.76,-0.45,-0.26,31.0,27.0,7.0,4.0,2.0,0.11,0.24,0.75,0.47,0.1,0.16
S3_300,0.35,0.03,0.56,0.72,0.09,0.21,0.54,0.92,0.78,0.72,0.69,0.72,0.9,0.14,0.96,0.8,0.25,0.15,0.13,0.02,0.34,-0.22,-0.15,34.0,30.0,5.0,3.0,2.0,0.16,0.09,0.58,0.95,0.03,0.46
S3_301,0.91,0.5,0.79,0.19,0.8,0.28,0.52,0.02,0.08,0.64,0.69,0.13,0.29,0.14,0.22,0.39,0.06,0.05,0.97,0.52,0.01,-0.31,-0.29,29.0,33.0,7.0,4.0,4.0,0.14,0.12,0.84,0.71,0.63,0.97
S3_302,0.46,0.09,0.03,0.05,0.54,0.87,0.22,0.36,0.8,0.24,0.97,0.21,0.64,0.29,0.42,0.08,0.45,0.36,0.11,0.82,0.17,-0.44,-0.18,34.0,34.0,6.0,2.0,3.0,0.12,0.1,0.74,0.13,0.11,0.48
S3_303,0.14,0.19,0.79,0.94,0.7,0.9,0.8,0.76,0.49,0.11,0.59,0.78,0.44,0.55,0.78,0.38,0.55,0.45,0.6,0.3,0.88,-0.2,-0.2,32.0,32.0,3.0,2.0,2.0,0.22,0.24,0.57,0.42,0.46,0.34
S3_304,0.17,1.0,0.93,0.46,0.35,0.41,0.88,0.42,0.41,0.65,0.25,0.72,0.13,0.63,0.4,0.72,0.97,0.91,0.95,0.29,0.15,-0.46,-0.15,26.0,22.0,5.0,1.0,4.0,0.07,0.06,0.84,0.37,0.49,0.71
S3_305,0.68,0.98,0.67,0.51,0.53,0.76,0.86,0.97,0.99,0.65,0.79,0.07,0.31,0.84,0.7,0.28,0.65,0.84,0.88,0.17,0.28,-0.23,-0.15,26.0,20.0,3.0,3.0,4.0,0.07,0.08,0.25,0.28,0.19,0.15
S3_306,0.93,0.25,0.98,0.48,0.04,0.84,0.08,0.34,0.58,0.47,0.16,0.26,0.26,0.05,0.58,0.21,0.47,0.76,0.89,0.78,0.63,-0.28,-0.28,33.0,26.0,6.0,1.0,4.0,0.21,0.19,0.27,0.79,0.05,0.09
S3_307,0.83,0.11,0.36,0.82,0.56,0.42,0.75,0.56,0.36,0.36,0.16,0.08,0.34,0.44,0.96,0.66,0.52,0.37,0.55,0.6,0.82,-0.23,-0.23,20.0,28.0,8.0,4.0,2.0,0.2,0.21,0.21,0.65,0.05,0.09
S3_308,0.83,0.65,0.44,0.82,0.85,0.19,0.93,0.75,1.0,0.79,0.07,1.0,0.11,0.68,0.25,0.53,0.22,0.96,0.42,0.47,0.26,-0.26,-0.18,35.0,20.0,5.0,4.0,4.0,0.22,0.25,0.91,0.23,0.16,0.59
S3_309,0.8,0.15,0.3,0.74,0.0,0.93,0.31,0.04,0.52,0.05,0.1,0.24,0.03,0.4,0.33,0.03,0.0,0.6,0.68,0.64,0.87,-0.37,-0.25,28.0,24.0,6.0,3.0,2.0,0.13,0.15,0.31,0.26,0.98,0.13
S3_310,0.1,0.86,0.7,0.52,0.87,0.38,0.61,0.61,0.04,0.54,0.41,0.53,0.7,0.34,0.86,0.29,0.59,0.81,0.66,0.86,0.07,-0.28,-0.18,28.0,34.0,7.0,3.0,1.0,0.24,0.08,0.73,0.64,0.56,0.18
S3_311,0.8,0.1,0.4,0.79,0.9,0.67,0.17,0.21,0.53,0.28,0.35,0.12,0.71,0.51,0.39,0.46,0.77,0.21,0.78,0.4,0.44,-0.31,-0.26,34.0,23.0,6.0,1.0,2.0,0.07,0.14,0.28,0.85,0.11,0.8
S3_312,0.73,0.87,0.02,0.29,0.16,0.69,0.5,0.86,0.64,0.73,0.4,0.69,0.4,0.43,0.61,0.04,0.59,0.77,0.99,0.41,0.12,-0.33,-0.2,34.0,24.0,4.0,3.0,2.0,0.22,0.05,0.31,0.8,0.5,0.28
S3_313,0.82,0.56,0.27,0.13,0.78,0.63,0.47,0.2,0.45,0.41,0.01,0.63,0.09,0.42,0.83,0.71,0.84,0.26,0.54,0.56,0.71,-0.43,-0.14,32.0,21.0,8.0,1.0,2.0,0.13,0.12,0.71,0.01,0.83,0.05
S3_314,0.13,0.33,0.72,0.83,0.72,0.21,0.26,0.85,0.36,0.01,0.7,0.98,0.31,0.09,0.73,0.65,0.31,0.15,0.34,0.7,0.37,-0.17,-0.15,23.0,24.0,4.0,2.0,1.0,0.09,0.16,0.65,0.33,0.8,0.21
S3_315,0.77,0.09,0.02,0.2,0.67,0.46,0.96,0.96,0.6,0.07,0.2,0.34,0.35,0.78,0.45,0.36,0.66,0.66,0.45,0.73,0.24,-0.29,-0.27,31.0,26.0,8.0,2.0,3.0,0.09,0.17,0.93,0.59,0.65,0.92
S3_316,0.56,0.63,0.72,0.4,0.01,0.71,0.15,0.23,0.15,0.68,0.86,0.31,0.55,0.37,0.2,0.91,0.54,0.98,0.62,0.07,0.37,-0.33,-0.21,27.0,29.0,6.0,2.0,1.0,0.23,0.24,0.25,0.67,0.9,0.23
S3_317,0.33,0.48,0.61,0.39,0.38,0.44,0.18,0.72,0.08,0.15,0.58,0.97,0.57,0.32,0.59,0.5,0.74,0.25,0.84,0.08,0.76,-0.34,-0.09,29.0,25.0,6.0,2.0,4.0,0.18,0.13,0.7,0.36,0.08,0.4
S3_318,0.05,0.06,0.86,0.3,0.13,0.34,0.95,0.06,0.96,0.38,0.68,0.06,0.21,0.48,0.03,0.52,0.49,0.32,0.19,0.71,0.39,-0.18,-0.1,28.0,22.0,3.0,3.0,1.0,0.22,0.16,0.27,0.48,0.38,0.98
S3_319,0.6,0.02,0.71,0.36,0.56,0.35,0.77,0.87,0.29,0.96,0.2,0.27,0.11,0.79,0.82,0.69,0.88,0.7,0.74,0.17,0.86,-0.36,-0.2,25.0,26.0,6.0,2.0,1.0,0.14,0.07,0.05,0.7,0.2,0.53
S3_320,0.03,0.48,0.43,0.91,0.06,0.56,0.58,0.69,0.34,0.92,0.13,0.54,0.85,0.4,0.81,0.11,0.18,0.4,0.46,0.94,0.66,-0.45,-0.22,29.0,27.0,5.0,4.0,1.0,0.11,0.09,0.0,0.99,0.21,0.83
S3_321,0.09,0.37,0.47,0.42,0.79,0.51,0.82,0.75,0.39,0.42,0.75,0.25,0.37,0.32,0.07,0.14,0.11,0.39,0.17,0.38,0.94,-0.34,-0.11,31.0,22.0,4.0,4.0,4.0,0.22,0.22,0.66,0.02,0.77,0.94
S3_322,0.03,0.27,0.04,0.57,0.48,0.35,0.35,0.51,0.22,0.99,0.44,0.57,0.34,0.16,0.11,0.56,0.87,0.4,0.32,0.8,0.91,-0.23,-0.28,31.0,34.0,5.0,3.0,1.0,0.15,0.25,0.96,0.77,0.78,0.05
S3_323,0.73,0.59,0.43,0.95,0.04,0.95,0.02,0.84,0.5,0.62,0.81,0.39,0.15,0.84,0.42,0.01,0.04,0.19,0.49,0.49,0.08,-0.35,-0.13,24.0,26.0,3.0,4.0,2.0,0.09,0.12,0.15,0.88,0.34,0.01
S3_324,0.51,0.43,0.63,0.43,0.66,0.54,1.0,0.14,0.94,0.92,0.79,0.93,0.93,0.99,0.45,0.99,0.74,0.84,0.02,0.37,0.38,-0.44,-0.19,23.0,24.0,8.0,3.0,2.0,0.23,0.06,0.43,0.98,0.82,0.54
S3_325,0.47,0.85,1.0,0.21,0.05,0.42,0.55,0.25,0.19,0.86,0.26,0.14,0.58,0.18,0.29,0.94,0.42,0.42,0.67,0.1,0.89,-0.33,-0.26,22.0,32.0,4.0,2.0,2.0,0.15,0.06,0.16,0.91,0.86,0.43
S3_326,0.67,0.45,0.56,0.83,0.15,0.04,0.36,0.35,0.35,0.49,0.52,0.04,0.76,0.56,0.61,0.19,0.81,0.75,0.38,0.94,0.36,-0.25,-0.1,25.0,28.0,6.0,3.0,3.0,0.12,0.2,0.37,0.48,0.97,0.68
S3_327,0.17,0.94,0.0,0.63,0.8,0.3,0.66,0.21,0.51,0.3,0.4,0.05,0.09,0.51,0.91,0.88,0.21,0.41,0.74,0.37,0.01,-0.19,-0.14,29.0,21.0,6.0,2.0,2.0,0.21,0.16,0.02,0.36,0.34,0.36
S3_328,0.05,0.11,0.08,0.03,0.3,0.23,0.28,0.09,0.64,0.88,0.18,0.31,0.31,0.62,0.28,0.35,0.52,0.03,0.52,0.03,0.47,-0.22,-0.24,33.0,23.0,7.0,3.0,2.0,0.16,0.13,0.71,1.0,0.47,0.27
S3_329,0.17,0.81,0.75,0.05,0.83,0.07,0.71,0.23,0.28,0.34,0.23,0.48,0.06,0.42,0.3,0.25,0.44,0.52,0.9,0.71,0.5,-0.38,-0.25,30.0,33.0,4.0,1.0,2.0,0.09,0.24,0.3,0.53,0.49,0.2
S3_330,0.79,0.99,0.98,0.9,0.57,0.67,0.7,1.0,0.58,0.28,0.82,0.17,0.27,0.53,0.97,0.79,0.96,0.46,0.85,0.97,0.44,-0.26,-0.21,26.0,27.0,3.0,4.0,2.0,0.08,0.11,0.42,0.31,0.4,0.81
S3_331,0.16,0.78,0.53,0.8,0.57,0.05,0.97,0.92,0.58,0.52,0.04,0.85,0.41,0.02,0.17,0.67,0.26,0.82,0.51,0.89,0.82,-0.25,-0.3,29.0,22.0,8.0,3.0,3.0,0.06,0.22,0.31,0.2,0.37,0.9
S3_332,0.92,0.53,0.28,0.52,0.61,0.92,0.76,0.64,0.66,0.4,0.84,0.87,0.87,0.96,0.06,0.15,0.55,0.96,0.35,0.41,0.66,-0.44,-0.26,22.0,21.0,7.0,1.0,3.0,0.13,0.19,0.85,0.38,0.07,0.77
S3_333,0.95,0.24,0.53,0.12,0.77,0.16,0.63,0.81,0.85,0.75,0.91,0.48,0.92,0.58,0.24,0.68,0.24,0.94,0.66,0.97,0.63,-0.24,-0.1,25.0,21.0,6.0,2.0,3.0,0.1,0.17,0.18,0.07,0.85,0.27
S3_334,0.17,0.62,0.39,0.48,0.1,0.43,0.68,0.23,0.9,0.09,0.98,0.02,0.2,0.09,0.33,0.68,0.97,0.17,0.56,0.42,0.53,-0.19,-0.23,20.0,32.0,7.0,3.0,1.0,0.05,0.07,0.5,0.82,0.19,0.75
S3_335,0.34,0.42,0.29,0.46,0.16,0.81,0.75,0.03,0.56,0.49,0.16,0.69,0.19,0.18,0.66,0.18,0.3,0.66,0.55,0.27,0.45,-0.22,-0.2,22.0,20.0,3.0,2.0,4.0,0.21,0.13,0.98,0.8,0.08,0.65
S3_336,0.52,0.19,0.54,0.85,0.45,0.88,0.68,0.26,0.73,0.84,0.65,0.62,0.21,0.16,0.37,0.03,0.72,0.05,0.98,0.9,0.64,-0.46,-0.17,21.0,32.0,7.0,2.0,2.0,0.19,0.09,0.16,0.82,0.15,0.19
S3_337,0.61,0.24,0.54,0.13,0.21,0.7,0.61,0.83,0.98,0.82,0.28,0.49,0.4,0.01,0.67,0.26,0.68,0.83,0.53,0.67,0.56,-0.45,-0.1,27.0,22.0,3.0,2.0,2.0,0.24,0.18,0.65,0.47,0.56,0.6
S3_338,0.84,0.34,0.19,0.95,0.48,0.32,0.94,0.84,0.32,0.6,0.74,0.2,0.61,0.47,0.34,0.71,0.73,0.95,0.28,0.03,0.92,-0.3,-0.17,32.0,25.0,4.0,1.0,2.0,0.14,0.21,1.0,0.52,0.19,0.71
S3_339,0.89,0.22,0.69,0.49,0.14,0.02,0.5,0.06,0.22,0.74,0.09,0.61,0.9,0.38,0.32,0.52,0.08,0.33,0.75,0.64,0.33,-0.2,-0.1,33.0,34.0,5.0,2.0,4.0,0.21,0.2,0.19,0.2,0.93,0.38
S3_340,0.57,0.31,0.05,0.09,0.77,0.35,0.95,0.46,0.99,0.76,0.41,0.38,0.42,0.67,0.67,0.12,0.61,0.56,0.5,0.62,0.0,-0.27,-0.27,21.0,34.0,8.0,3.0,3.0,0.11,0.11,0.96,0.44,0.89,0.41
S3_341,0.42,0.02,0.26,0.74,0.76,0.41,0.34,0.11,0.13,0.2,0.41,0.75,0.57,0.97,0.01,0.25,0.27,0.68,0.54,0.18,0.95,-0.31,-0.17,25.0,28.0,4.0,3.0,2.0,0.13,0.12,0.4,0.2,0.09,0.78
S3_342,0.64,0.47,0.69,0.99,0.34,0.74,0.06,0.73,0.86,0.2,0.92,0.27,0.54,0.87,0.87,0.15,0.85,0.95,0.5,0.35,0.86,-0.4,-0.21,32.0,34.0,7.0,1.0,3.0,0.2,0.05,0.8,0.17,0.45,0.74
S3_343,0.56,0.74,0.17,0.38,0.67,0.48,0.45,0.5,0.43,0.68,0.63,0.68,0.4,0.85,0.09,0.98,0.34,0.44,0.54,0.66,0.74,-0.35,-0.23,23.0,31.0,8.0,3.0,2.0,0.07,0.11,0.29,0.68,0.54,0.96
S3_344,0.33,0.35,0.7,0.36,0.92,0.5,0.24,0.9,0.8,0.41,0.79,0.83,0.01,0.36,0.49,0.94,0.03,0.37,0.06,0.42,0.66,-0.43,-0.15,22.0,31.0,4.0,3.0,2.0,0.11,0.15,0.01,0.62,0.76,0.7
S3_345,0.57,0.03,0.2,0.22,0.95,0.92,0.27,0.13,0.75,0.33,0.07,0.62,0.14,0.35,0.5,1.0,0.02,0.15,0.59,0.63,0.4,-0.24,-0.1,24.0,34.0,5.0,2.0,2.0,0.2,0.07,0.33,0.41,0.91,0.93
S3_346,0.19,0.3,0.51,0.06,0.71,0.49,0.65,0.61,0.01,0.14,0.52,0.84,0.69,0.25,0.56,0.35,0.83,0.51,0.25,0.81,0.24,-0.36,-0.18,25.0,23.0,7.0,1.0,2.0,0.07,0.06,0.24,0.16,0.35,0.18
S3_347,0.1,0.26,0.92,0.39,0.06,0.92,0.1,0.85,0.41,0.23,0.38,0.31,0.12,0.61,0.92,0.7,0.7,0.78,0.26,0.29,0.59,-0.33,-0.16,34.0,31.0,4.0,2.0,3.0,0.24,0.15,0.0,0.51,0.9,0.85
S3_348,0.81,0.92,0.33,0.63,0.18,0.68,0.87,0.3,0.52,0.36,0.71,0.85,0.2,0.81,0.19,0.37,0.8,0.75,0.84,0.23,0.08,-0.47,-0.21,27.0,32.0,6.0,1.0,1.0,0.06,0.05,0.46,0.83,0.17,0.45
S3_349,0.09,0.61,0.75,0.66,0.01,0.22,0.54,0.91,0.39,0.86,0.88,0.86,0.56,0.03,0.87,0.28,1.0,0.61,0.58,0.24,0.22,-0.22,-0.27,30.0,21.0,7.0,1.0,1.0,0.2,0.09,0.95,0.17,0.04,0.72
S3_350,0.06,0.91,0.53,0.89,0.48,0.21,0.14,0.25,0.68,0.35,0.19,0.63,0.15,0.77,0.59,1.0,0.62,0.97,0.84,0.54,0.62,-0.34,-0.26,22.0,28.0,7.0,2.0,3.0,0.11,0.09,0.48,0.7,0.79,0.32
S3_351,0.07,0.68,0.91,0.23,0.49,0.52,0.31,0.95,0.36,0.29,0.4,0.67,0.83,0.58,0.43,0.81,0.32,0.11,0.97,0.51,0.95,-0.38,-0.26,29.0,30.0,5.0,3.0,3.0,0.14,0.08,0.7,0.64,0.38,0.69
S3_352,0.37,0.41,0.24,0.3,0.38,0.04,0.39,0.98,0.5,0.32,0.03,0.91,0.33,0.53,0.18,0.63,0.8,0.29,0.91,0.44,0.18,-0.37,-0.21,32.0,29.0,7.0,4.0,2.0,0.16,0.06,0.43,0.97,0.65,0.16
S3_353,0.26,0.39,0.76,0.8,0.24,0.83,0.15,0.31,0.91,0.74,0.12,0.12,0.63,0.2,0.41,0.41,0.82,0.79,0.71,0.5,0.97,-0.28,-0.21,34.0,28.0,5.0,3.0,1.0,0.22,0.08,0.42,0.36,0.99,0.02
S3_354,0.73,0.08,0.09,0.96,0.75,0.71,0.43,0.61,0.81,0.75,0.88,0.66,0.21,0.56,0.9,0.69,0.37,0.35,0.82,0.98,0.41,-0.17,-0.13,21.0,23.0,8.0,3.0,2.0,0.16,0.12,0.25,0.63,0.92,0.91
S3_355,0.88,0.63,0.73,0.16,0.94,0.91,0.21,0.53,0.89,0.91,0.95,0.56,0.55,0.45,0.83,0.47,0.28,0.61,0.27,0.35,0.3,-0.35,-0.27,31.0,30.0,4.0,2.0,4.0,0.22,0.14,0.04,0.36,0.68,0.19
S3_356,0.87,0.39,0.68,0.03,0.82,0.02,0.28,0.26,0.6,0.92,0.25,0.33,0.47,0.27,0.72,0.7,0.65,0.85,0.87,0.36,0.51,-0.37,-0.15,33.0,27.0,5.0,1.0,1.0,0.07,0.09,0.95,0.12,0.94,0.03
S3_357,0.23,0.09,0.94,0.06,0.75,0.34,0.2,0.15,0.27,0.78,0.31,0.3,0.53,0.08,0.89,0.46,0.99,0.82,0.72,0.93,0.55,-0.41,-0.24,32.0,34.0,8.0,2.0,3.0,0.18,0.22,0.53,0.37,0.3,0.95
S3_358,0.84,0.06,0.96,0.68,0.9,0.57,0.38,0.09,0.29,0.01,0.13,0.09,0.32,0.49,0.63,0.27,0.16,0.5,0.8,0.56,0.48,-0.17,-0.24,28.0,22.0,8.0,2.0,2.0,0.25,0.08,0.92,0.31,0.96,0.63
S3_359,0.32,0.9,0.3,0.42,0.81,0.88,0.79,0.92,0.2,0.57,0.56,0.59,0.39,0.08,0.98,0.86,0.9,0.53,0.29,0.34,0.52,-0.36,-0.23,29.0,34.0,7.0,2.0,3.0,0.17,0.16,0.63,0.07,0.81,0.84
S3_360,0.6,0.37,0.76,0.08,0.35,0.56,0.7,0.97,0.46,0.09,0.27,0.95,0.86,0.0,0.38,0.59,0.17,0.27,0.18,0.23,0.58,-0.45,-0.12,34.0,34.0,4.0,4.0,2.0,0.06,0.09,0.98,0.08,0.28,0.94
S3_361,0.67,0.04,0.97,0.64,0.44,0.96,0.12,0.21,0.59,0.99,0.42,0.02,0.05,0.16,0.19,0.12,0.22,0.56,0.53,0.31,0.08,-0.39,-0.16,26.0,27.0,5.0,3.0,3.0,0.13,0.18,0.01,0.46,0.25,0.74
S3_362,0.43,0.0,0.31,0.7,0.07,0.4,0.61,0.94,0.72,0.7,0.34,0.11,0.03,0.83,0.43,0.83,0.66,0.62,0.64,0.46,0.98,-0.27,-0.09,26.0,25.0,4.0,2.0,2.0,0.06,0.18,0.61,0.86,0.57,0.51
S3_363,0.24,0.3,0.56,0.95,0.16,0.12,0.26,0.72,0.9,0.95,0.68,0.19,0.04,0.75,0.52,0.79,0.12,0.42,0.09,0.05,0.83,-0.35,-0.27,30.0,33.0,4.0,4.0,2.0,0.09,0.23,0.93,0.99,0.44,0.78
S3_364,0.66,0.87,0.81,0.25,0.44,0.16,0.44,0.66,0.38,0.62,0.53,0.81,0.66,0.6,0.54,0.44,0.45,0.64,0.59,0.69,0.39,-0.29,-0.13,31.0,28.0,3.0,1.0,4.0,0.08,0.06,0.35,0.13,0.32,0.33
S3_365,0.8,0.65,0.88,0.05,0.07,0.17,0.21,0.74,0.01,0.53,0.93,0.8,0.57,0.31,0.01,0.16,0.61,0.54,0.23,0.39,0.17,-0.3,-0.11,34.0,29.0,8.0,4.0,1.0,0.17,0.22,0.08,0.1,0.73,0.02
S3_366,0.38,0.77,0.04,0.17,0.68,1.0,0.43,0.8,0.0,0.31,0.52,0.14,0.64,0.13,0.43,0.58,0.86,0.7,0.6,0.54,0.1,-0.26,-0.09,24.0,34.0,4.0,3.0,2.0,0.21,0.24,0.8,1.0,0.4,0.44
S3_367,0.5,0.55,0.87,0.66,0.39,0.8,0.96,0.6,0.89,0.94,0.85,0.52,0.66,0.66,0.6,0.73,0.7,0.08,0.51,0.71,0.52,-0.47,-0.19,26.0,21.0,4.0,2.0,1.0,0.05,0.22,0.13,0.96,0.31,0.29
S3_368,0.89,0.66,0.94,0.19,0.91,1.0,0.8,0.08,0.98,0.07,0.29,0.84,0.06,0.37,0.58,0.3,0.85,0.65,0.04,0.32,0.76,-0.18,-0.22,30.0,22.0,8.0,1.0,2.0,0.24,0.07,0.7,0.66,0.91,0.79
S3_369,0.67,0.28,0.11,0.67,0.46,0.38,0.87,0.88,0.96,0.67,0.6,0.22,0.82,0.73,0.01,0.66,0.13,0.89,0.81,0.21,0.79,-0.28,-0.3,28.0,22.0,5.0,3.0,3.0,0.21,0.19,0.58,0.84,0.03,0.31
S3_370,0.98,0.74,0.66,0.98,0.96,0.78,0.12,0.44,0.14,0.5,0.75,0.78,0.23,0.3,0.19,0.22,0.86,0.99,0.83,0.34,0.23,-0.31,-0.29,33.0,25.0,6.0,1.0,1.0,0.16,0.1,0.4,0.79,0.35,0.29
S3_371,0.31,0.16,0.22,0.86,0.79,0.61,0.22,0.89,0.71,0.85,0.19,0.65,0.26,0.31,0.69,0.58,0.29,0.98,0.85,0.66,0.24,-0.18,-0.27,26.0,32.0,4.0,3.0,2.0,0.19,0.14,0.09,0.84,0.34,0.01
S3_372,0.93,0.63,0.85,0.03,0.63,0.91,0.76,0.35,0.17,0.39,0.92,0.08,0.71,0.95,0.38,0.85,0.64,0.68,0.69,0.77,0.28,-0.42,-0.22,31.0,20.0,7.0,2.0,3.0,0.21,0.08,0.39,0.5,0.45,0.95
S3_373,0.82,0.86,0.49,0.02,0.92,0.62,0.67,0.66,0.73,0.69,0.7,0.04,1.0,0.14,0.32,0.09,0.8,0.77,0.14,0.85,0.5,-0.27,-0.16,29.0,23.0,7.0,3.0,4.0,0.21,0.15,0.43,0.39,0.11,0.32
S3_374,0.43,0.13,0.0,0.01,0.5,0.63,0.43,0.49,0.95,0.83,0.67,0.22,0.29,0.36,0.07,0.51,0.89,0.72,0.28,0.81,0.04,-0.36,-0.3,27.0,22.0,5.0,2.0,3.0,0.13,0.09,0.47,0.9,0.75,0.31
S3_375,0.2,0.63,0.17,0.24,0.25,0.97,0.12,0.86,0.37,0.76,0.28,0.41,0.78,0.06,0.29,0.36,0.96,0.43,0.88,0.13,0.19,-0.41,-0.2,32.0,29.0,6.0,4.0,1.0,0.08,0.15,0.5,0.25,0.44,0.47
S3_376,0.99,0.15,0.36,0.43,0.43,0.08,0.37,0.82,0.33,0.66,0.48,0.66,0.41,0.83,0.42,0.59,0.8,0.02,0.82,0.84,0.36,-0.29,-0.26,30.0,22.0,6.0,2.0,2.0,0.21,0.12,0.1,0.04,0.59,0.95
S3_377,0.4,0.83,0.01,0.65,0.6,0.3,0.23,0.39,0.73,0.94,0.94,0.72,0.22,0.88,0.5,0.66,0.99,0.16,0.52,0.73,0.75,-0.33,-0.29,33.0,33.0,3.0,4.0,3.0,0.08,0.2,0.59,0.12,0.62,0.65
S3_378,0.47,0.37,0.89,0.34,0.93,0.31,0.17,0.38,0.6,0.23,0.34,0.52,0.59,0.93,0.1,0.15,0.75,0.44,0.26,0.05,0.37,-0.32,-0.12,24.0,26.0,8.0,2.0,3.0,0.07,0.08,0.12,0.24,0.79,0.51
S3_379,0.74,0.93,0.14,0.22,0.52,0.01,0.41,0.95,0.86,0.9,0.23,0.31,0.49,0.02,0.44,0.09,0.24,0.57,0.03,0.75,0.55,-0.24,-0.16,26.0,28.0,4.0,3.0,3.0,0.22,0.12,0.73,0.76,0.15,0.2
S3_380,0.53,0.8,0.64,0.26,0.35,0.33,0.28,0.29,0.03,0.83,0.04,0.47,0.48,0.25,0.21,0.28,0.67,0.89,0.11,0.65,0.84,-0.2,-0.13,30.0,28.0,6.0,2.0,2.0,0.24,0.09,0.22,0.14,0.64,0.28
S3_381,0.19,0.96,0.07,0.49,0.19,0.13,0.49,0.75,0.28,0.55,0.37,0.61,0.16,0.11,0.77,0.81,0.12,0.96,0.57,0.04,0.09,-0.36,-0.15,34.0,33.0,7.0,3.0,4.0,0.21,0.22,0.91,0.09,0.29,0.82
S3_382,0.9,0.64,0.81,0.23,0.3,0.3,0.5,0.61,0.88,0.46,0.89,0.86,0.05,0.76,0.06,0.43,0.86,0.31,0.08,0.26,0.6,-0.18,-0.14,34.0,21.0,5.0,2.0,3.0,0.15,0.24,0.82,0.23,0.64,0.84
S3_383,0.37,0.5,0.37,0.12,0.28,0.99,0.34,0.53,0.3,0.39,0.9,0.87,0.79,0.41,0.37,0.41,0.35,0.99,0.95,0.87,0.81,-0.29,-0.22,24.0,33.0,7.0,2.0,3.0,0.13,0.06,0.5,0.6,0.01,0.55
S3_384,0.3,0.21,0.84,0.18,0.54,0.12,0.59,0.27,0.06,0.46,0.49,0.35,0.15,0.96,0.16,0.83,0.01,0.03,0.37,0.47,0.16,-0.46,-0.25,23.0,27.0,6.0,3.0,2.0,0.1,0.11,0.6,0.58,0.1,0.57
S3_385,0.22,0.74,0.19,0.7,0.59,0.06,0.92,0.04,0.18,0.47,0.71,0.99,0.8,0.99,0.24,0.29,0.37,0.93,0.43,0.33,0.0,-0.41,-0.19,20.0,24.0,3.0,3.0,3.0,0.06,0.13,0.33,0.78,0.55,0.7
S3_386,0.42,0.45,0.99,0.07,0.2,0.6,0.69,0.04,0.09,0.44,0.33,0.11,0.88,0.0,0.5,0.77,0.48,0.83,0.77,0.27,0.15,-0.27,-0.16,30.0,20.0,8.0,1.0,3.0,0.19,0.08,0.78,0.94,0.06,0.56
S3_387,0.42,0.61,0.11,0.34,0.51,0.18,0.86,0.15,0.22,0.55,0.84,0.18,0.11,0.79,0.82,0.56,0.49,0.72,0.46,0.94,0.23,-0.47,-0.14,25.0,21.0,4.0,2.0,2.0,0.24,0.21,0.74,0.19,0.54,0.1
S3_388,1.0,0.1,0.23,0.85,0.93,0.12,0.4,0.63,0.32,0.98,0.11,0.85,0.93,0.23,0.49,0.39,0.98,0.72,0.85,0.59,0.53,-0.39,-0.12,24.0,25.0,5.0,3.0,2.0,0.23,0.15,0.44,0.16,0.72,0.68
S3_389,0.96,0.06,0.82,0.93,0.33,0.77,0.32,0.59,0.78,0.36,0.74,0.92,0.91,0.37,0.28,0.77,0.46,0.97,0.97,0.2,0.86,-0.37,-0.11,30.0,34.0,5.0,3.0,2.0,0.2,0.13,0.77,0.48,0.15,0.87
S3_390,0.84,0.35,0.28,0.37,0.24,0.11,0.24,0.45,0.37,0.2,0.54,0.43,0.01,0.52,0.59,0.97,0.62,0.45,0.46,0.48,0.09,-0.32,-0.22,26.0,33.0,7.0,4.0,4.0,0.2,0.15,0.84,0.15,0.84,0.93
S3_391,0.24,0.82,0.55,0.33,0.39,0.33,0.75,0.52,0.56,0.67,0.76,0.4,0.85,0.82,0.88,0.29,0.73,0.82,0.26,0.08,0.27,-0.46,-0.14,23.0,31.0,5.0,2.0,2.0,0.1,0.13,0.37,0.21,0.6,0.08
S3_392,0.9,0.84,0.02,0.3,0.11,0.38,0.14,0.46,0.07,0.26,0.77,0.76,0.12,0.8,0.57,0.99,0.54,0.12,0.98,0.39,0.08,-0.36,-0.12,21.0,26.0,3.0,4.0,1.0,0.06,0.1,0.68,0.55,0.71,0.87
S3_393,0.61,0.28,0.83,0.57,0.28,0.0,0.11,0.98,0.17,0.43,0.78,0.24,0.87,0.66,0.66,0.91,0.53,0.78,0.01,0.01,0.72,-0.32,-0.22,23.0,30.0,3.0,4.0,2.0,0.2,0.09,0.92,0.17,0.54,0.94
S3_394,0.95,0.89,0.4,0.9,0.63,0.99,0.73,0.12,0.96,0.28,0.96,0.37,0.99,0.06,0.78,0.41,0.99,0.2,0.22,0.53,0.49,-0.42,-0.09,32.0,28.0,7.0,1.0,1.0,0.23,0.1,0.92,0.58,0.86,0.07
S3_395,0.13,0.97,0.84,0.86,0.69,0.62,0.29,0.22,0.85,0.51,0.22,0.53,0.73,0.62,0.33,0.03,0.3,0.85,0.15,0.31,0.7,-0.24,-0.2,23.0,22.0,6.0,4.0,2.0,0.18,0.1,0.15,0.05,0.74,0.71
S3_396,0.97,0.95,0.21,0.22,0.84,0.59,0.02,0.73,0.43,0.21,0.32,0.5,0.79,0.3,0.13,0.8,0.4,0.03,0.23,0.38,0.02,-0.37,-0.13,23.0,35.0,7.0,1.0,4.0,0.07,0.08,0.34,0.86,0.67,0.37
S3_397,0.21,0.57,0.82,0.08,0.26,0.99,0.73,0.23,0.93,0.01,0.28,0.68,0.68,0.18,0.81,0.56,0.93,0.5,0.85,0.53,0.18,-0.44,-0.22,26.0,31.0,6.0,2.0,3.0,0.17,0.22,0.85,0.21,0.5,0.67
S3_398,0.23,0.42,0.13,0.09,0.57,0.85,0.09,0.7,0.5,0.45,0.88,0.94,0.76,0.11,0.47,0.02,0.73,0.1,0.18,0.33,0.95,-0.46,-0.11,28.0,22.0,6.0,3.0,3.0,0.08,0.24,0.07,0.7,0.18,0.69
S3_399,0.18,0.3,0.35,0.47,0.12,0.35,0.6,0.41,0.62,0.34,0.12,0.32,0.36,0.55,0.22,0.6,0.84,0.33,0.32,0.23,0.81,-0.25,-0.19,29.0,35.0,4.0,2.0,1.0,0.16,0.1,0.78,0.56,0.92,0.17
S3_400,0.4,0.19,0.16,0.08,0.67,0.45,0.1,0.62,0.43,0.81,0.21,0.04,0.38,0.83,0.15,0.87,0.23,0.83,0.77,0.58,0.41,-0.23,-0.28,28.0,31.0,4.0,3.0,4.0,0.23,0.06,0.15,0.95,0.43,0.44
S3_401,0.5,0.32,0.55,0.06,0.67,0.26,0.64,0.22,0.67,0.93,0.8,0.13,0.36,0.84,0.05,0.06,0.67,0.82,0.23,0.52,0.66,-0.26,-0.14,24.0,30.0,8.0,1.0,2.0,0.12,0.08,0.83,0.25,0.57,0.87
S3_402,0.23,0.92,0.21,0.23,0.08,0.09,0.65,0.96,0.66,0.19,0.68,0.77,0.76,0.57,0.14,0.49,0.87,0.65,0.34,0.89,0.35,-0.44,-0.24,27.0,32.0,5.0,2.0,1.0,0.06,0.16,0.41,0.28,0.3,0.97
S3_403,0.39,0.69,0.61,0.0,0.5,0.75,0.01,1.0,0.22,0.93,0.72,0.34,0.99,0.85,0.23,0.01,0.01,0.8,0.93,0.79,0.59,-0.31,-0.19,29.0,27.0,6.0,3.0,4.0,0.1,0.16,0.55,0.14,0.36,0.63
S3_404,0.72,0.83,0.86,0.11,0.33,0.37,0.36,0.03,0.87,0.72,0.65,0.45,0.22,0.08,0.95,0.41,0.37,0.19,0.25,0.36,0.2,-0.22,-0.09,35.0,31.0,3.0,1.0,2.0,0.1,0.13,0.01,0.13,0.45,0.94
S3_405,0.96,0.93,0.25,0.55,0.62,0.17,0.57,0.22,0.05,0.02,0.92,0.41,0.97,0.66,0.72,0.59,0.47,0.67,0.88,0.28,0.92,-0.22,-0.23,30.0,32.0,5.0,4.0,3.0,0.1,0.14,0.36,0.93,0.36,0.22
S3_406,0.0,0.99,0.24,0.51,0.34,0.75,0.08,0.15,0.74,0.31,0.31,0.75,0.95,0.09,0.32,0.08,0.84,0.83,0.8,0.21,0.04,-0.27,-0.12,24.0,23.0,6.0,1.0,1.0,0.12,0.21,0.04,0.71,0.83,0.72
S3_407,0.35,0.02,0.77,0.6,0.69,0.03,0.13,0.07,0.09,0.33,0.32,0.63,0.13,0.12,0.06,0.05,0.31,0.58,0.98,0.6,0.03,-0.47,-0.19,22.0,33.0,4.0,4.0,3.0,0.15,0.2,0.52,0.52,0.54,0.3
S3_408,0.0,0.42,0.69,0.64,0.26,0.23,0.05,0.95,0.84,0.89,0.8,0.77,0.37,0.9,0.09,0.11,0.72,0.54,0.2,0.32,0.73,-0.29,-0.15,23.0,24.0,8.0,2.0,2.0,0.23,0.12,0.44,0.4,0.26,0.57
S3_409,0.81,0.06,0.64,0.53,0.31,0.78,0.45,0.49,0.12,0.63,0.16,0.99,0.53,0.2,0.02,0.31,0.98,0.05,0.07,0.07,0.06,-0.28,-0.3,21.0,35.0,4.0,4.0,4.0,0.08,0.23,0.35,0.91,0.65,0.48
S3_410,0.86,0.55,0.59,0.53,0.06,0.82,0.53,0.31,0.06,0.28,0.47,0.27,0.4,0.03,0.32,0.73,0.59,0.1,0.52,0.64,0.27,-0.45,-0.3,26.0,29.0,4.0,2.0,4.0,0.21,0.16,0.99,0.27,0.43,0.26
S3_411,0.79,0.08,0.95,0.63,0.68,0.22,0.63,0.58,0.45,0.06,0.66,0.01,0.06,0.36,0.73,0.62,0.46,0.41,0.43,0.33,0.67,-0.17,-0.24,20.0,28.0,6.0,2.0,2.0,0.2,0.07,0.97,0.98,0.58,0.88
S3_412,0.74,0.67,0.68,0.94,0.27,0.79,0.53,0.24,0.91,0.94,0.08,0.27,0.7,0.73,0.71,0.2,0.21,0.59,0.41,0.05,0.99,-0.4,-0.19,22.0,24.0,5.0,4.0,2.0,0.11,0.09,0.9,0.9,0.88,0.31
S3_413,0.74,0.94,0.05,0.52,0.1,0.92,0.57,0.0,0.31,0.2,0.43,0.09,0.14,0.48,0.14,0.97,0.95,0.88,0.22,0.44,0.5,-0.4,-0.22,23.0,35.0,8.0,1.0,4.0,0.19,0.11,0.3,0.97,0.26,0.98
S3_414,0.06,0.27,0.96,0.66,0.31,0.65,0.57,0.1,0.64,0.74,0.35,0.62,0.66,0.35,0.99,0.68,1.0,0.9,0.27,0.25,0.57,-0.27,-0.13,27.0,33.0,4.0,2.0,2.0,0.12,0.23,0.83,0.07,0.61,0.74
S3_415,0.49,0.64,0.82,0.31,0.39,0.99,0.18,0.42,0.95,0.86,0.11,0.55,0.87,0.89,0.58,0.37,0.9,0.49,0.75,0.9,0.27,-0.26,-0.27,21.0,34.0,5.0,1.0,2.0,0.23,0.05,0.45,0.03,0.03,0.29
S3_416,0.13,0.46,0.52,0.8,0.54,0.02,0.77,0.83,0.21,0.59,0.93,0.28,0.99,0.8,0.91,0.48,0.23,0.56,0.96,0.74,0.24,-0.25,-0.2,33.0,21.0,4.0,4.0,1.0,0.06,0.17,0.74,0.71,0.73,0.5
S3_417,0.92,0.38,0.05,0.91,0.77,0.54,0.55,0.5,0.93,0.15,0.79,0.36,0.32,0.34,0.92,0.3,0.05,0.49,0.67,0.28,0.69,-0.42,-0.09,32.0,23.0,5.0,3.0,2.0,0.05,0.21,0.1,0.65,0.14,0.9
S3_418,0.62,0.48,0.15,0.41,0.25,0.18,0.31,0.37,0.52,0.98,0.14,0.16,0.02,0.21,0.86,0.54,0.78,0.77,0.31,0.99,0.38,-0.19,-0.22,27.0,23.0,7.0,4.0,2.0,0.1,0.24,0.5,0.88,0.85,0.81
S3_419,0.48,0.67,0.35,0.34,0.94,0.1,0.5,0.83,0.36,0.35,0.8,0.08,0.61,0.61,0.88,0.06,0.12,0.24,0.7,0.82,0.44,-0.24,-0.16,21.0,21.0,6.0,3.0,3.0,0.1,0.11,0.83,0.31,0.41,0.57
S3_420,0.56,0.14,0.15,0.73,0.4,0.81,0.68,0.8,0.85,0.56,0.62,0.5,0.38,0.66,0.81,0.46,0.5,0.74,0.12,0.22,0.49,-0.37,-0.29,29.0,31.0,6.0,3.0,4.0,0.24,0.1,0.18,0.95,0.39,1.0
S3_421,0.36,0.15,0.57,0.63,0.94,0.29,0.11,0.15,0.24,0.41,0.33,0.79,0.75,0.34,0.25,0.0,0.87,0.41,0.43,0.19,0.8,-0.18,-0.29,26.0,24.0,6.0,3.0,2.0,0.06,0.11,0.12,0.87,0.34,0.37
S3_422,0.09,0.44,0.18,0.1,0.83,0.31,0.85,0.76,0.33,0.45,0.1,0.4,0.28,0.16,0.4,0.36,0.05,0.4,0.91,0.42,0.8,-0.45,-0.18,28.0,28.0,6.0,3.0,2.0,0.13,0.23,0.27,0.57,0.56,0.62
S3_423,0.58,0.67,0.61,0.6,0.68,0.6,0.02,0.76,0.47,0.17,0.74,0.9,0.6,0.65,0.38,0.55,0.38,0.59,0.24,0.15,0.77,-0.42,-0.13,31.0,24.0,3.0,3.0,2.0,0.1,0.09,0.24,0.26,0.68,0.67
S3_424,0.23,0.73,0.38,0.56,0.12,0.78,0.19,0.88,0.24,0.58,0.57,0.42,0.09,0.32,0.21,0.01,0.12,0.51,0.09,0.77,0.22,-0.19,-0.16,32.0,22.0,4.0,3.0,2.0,0.15,0.2,0.82,0.26,0.12,0.83
S3_425,0.45,0.9,0.84,0.65,0.42,0.08,0.91,0.93,0.06,0.92,0.04,0.76,0.74,0.1,0.66,0.02,0.19,0.0,0.98,0.58,0.15,-0.3,-0.1,28.0,24.0,3.0,3.0,2.0,0.13,0.16,0.66,0.49,0.05,0.36
S3_426,0.11,0.19,0.71,0.54,0.38,0.2,0.05,0.59,0.1,0.96,0.3,0.29,0.65,0.15,0.64,0.14,0.49,0.86,0.15,0.89,0.96,-0.41,-0.19,27.0,35.0,7.0,3.0,3.0,0.11,0.2,0.18,0.74,0.26,0.34
S3_427,0.75,0.89,0.51,0.15,0.28,0.74,0.8,0.89,0.25,0.35,0.61,0.6,0.38,0.7,0.35,0.39,0.56,0.51,0.13,0.02,0.81,-0.42,-0.29,31.0,22.0,7.0,3.0,2.0,0.24,0.09,0.83,0.19,0.15,0.37
S3_428,0.93,0.47,0.1,0.13,0.28,0.83,0.33,0.7,0.1,0.08,0.11,0.0,0.72,0.5,0.31,0.95,0.75,0.28,0.07,0.6,0.6,-0.17,-0.16,25.0,27.0,5.0,2.0,3.0,0.25,0.21,0.65,0.04,0.78,0.18
S3_429,0.61,0.88,0.36,0.99,0.35,0.01,0.57,0.47,0.91,0.22,0.79,0.03,0.49,0.46,0.58,0.25,0.34,0.68,0.37,0.73,0.41,-0.45,-0.16,23.0,26.0,8.0,2.0,3.0,0.15,0.2,0.07,0.14,0.88,0.62
S3_430,0.04,0.68,0.7,0.16,0.63,0.52,0.51,0.16,0.7,1.0,0.12,0.21,0.2,0.91,0.89,0.38,0.89,0.76,0.49,0.96,0.54,-0.42,-0.24,27.0,30.0,7.0,4.0,4.0,0.18,0.13,0.11,0.69,0.58,0.41
S3_431,0.85,0.18,0.35,0.04,0.12,0.9,0.05,0.69,0.25,0.08,0.54,0.14,0.5,0.69,0.37,0.24,0.4,0.36,0.37,0.69,0.19,-0.26,-0.16,22.0,28.0,4.0,3.0,3.0,0.09,0.09,0.24,0.77,0.17,0.65
S3_432,0.79,0.22,0.67,0.13,0.3,0.58,0.62,0.93,0.54,0.51,0.73,0.76,0.84,0.86,0.98,0.81,0.69,0.87,0.55,0.15,0.22,-0.44,-0.23,22.0,23.0,7.0,3.0,3.0,0.17,0.18,0.09,0.54,0.1,0.81
S3_433,0.89,0.71,0.93,0.98,0.43,0.53,0.72,0.73,0.35,0.19,0.56,0.03,0.39,0.19,0.92,0.61,0.6,0.09,0.34,0.17,0.21,-0.35,-0.25,25.0,30.0,4.0,2.0,4.0,0.22,0.1,0.89,0.32,0.03,0.65
S3_434,0.32,0.82,0.76,0.61,0.21,0.95,0.97,0.48,0.46,0.3,0.51,0.07,0.61,0.58,0.51,0.61,0.15,0.02,0.33,0.32,0.72,-0.45,-0.15,23.0,21.0,7.0,1.0,2.0,0.12,0.1,0.57,0.54,0.86,0.12
S3_435,0.19,0.11,0.81,0.23,0.7,0.12,0.63,0.66,0.49,0.35,0.45,0.38,0.27,0.85,0.63,0.91,0.19,0.91,0.33,0.61,0.43,-0.17,-0.22,34.0,27.0,5.0,4.0,3.0,0.12,0.09,0.94,0.25,0.83,0.51
S3_436,0.42,0.77,0.08,0.69,0.24,0.36,0.41,0.19,0.98,0.85,0.91,0.46,0.54,0.97,0.25,0.24,0.96,0.55,0.73,0.16,0.98,-0.35,-0.21,27.0,25.0,6.0,2.0,3.0,0.14,0.19,0.17,0.31,0.73,0.68
S3_437,0.71,0.24,0.51,0.94,0.71,0.2,0.11,0.86,0.96,0.52,0.85,0.19,0.98,0.81,0.78,0.23,0.19,1.0,0.09,0.02,0.3,-0.45,-0.19,29.0,33.0,8.0,2.0,1.0,0.17,0.16,0.76,0.45,0.09,0.43
S3_438,0.47,0.91,0.58,0.84,0.09,0.31,0.84,0.18,0.63,0.47,0.21,0.82,0.58,0.48,0.42,0.83,0.32,0.66,0.96,0.12,0.13,-0.34,-0.17,22.0,24.0,3.0,3.0,3.0,0.25,0.07,0.59,0.69,0.0,0.03
S3_439,0.54,0.81,0.92,0.2,0.23,0.6,0.82,0.5,0.77,0.75,0.51,0.06,0.72,0.05,0.74,0.87,0.9,0.34,0.01,0.3,0.98,-0.38,-0.24,25.0,31.0,5.0,4.0,1.0,0.09,0.12,0.28,0.16,0.21,0.46
S3_440,0.36,0.16,0.99,0.96,0.6,0.27,0.37,0.51,0.94,0.05,0.03,0.2,0.07,0.92,0.8,0.52,0.64,0.61,0.01,0.53,0.03,-0.19,-0.11,31.0,28.0,6.0,2.0,2.0,0.11,0.06,0.89,0.09,0.91,0.56
S3_441,0.8,0.6,0.76,0.61,0.6,0.02,0.74,0.14,0.4,0.79,0.89,0.45,0.63,0.54,0.08,0.52,0.06,0.88,0.94,0.48,0.05,-0.34,-0.3,30.0,24.0,8.0,2.0,3.0,0.19,0.17,0.87,0.0,0.1,0.1
S3_442,0.99,0.43,0.83,0.76,0.71,0.73,0.0,0.92,0.62,0.6,0.73,0.48,0.19,0.55,0.5,0.92,0.83,0.26,0.73,0.66,0.77,-0.25,-0.26,29.0,25.0,4.0,1.0,4.0,0.14,0.21,0.02,0.51,0.73,0.77
S3_443,0.25,0.81,0.82,0.16,0.17,0.65,0.01,0.67,0.92,0.38,0.45,0.82,0.52,0.33,0.47,0.09,0.29,0.05,0.14,0.67,0.97,-0.31,-0.28,22.0,32.0,3.0,2.0,3.0,0.24,0.09,0.86,0.43,0.58,0.49
S3_444,0.97,0.53,0.93,0.19,0.19,0.85,0.49,0.18,0.88,0.55,0.86,0.1,0.34,0.19,0.26,0.92,0.66,0.06,0.27,0.75,0.22,-0.2,-0.11,22.0,21.0,4.0,3.0,2.0,0.08,0.2,0.2,0.92,0.23,0.94
S3_445,0.85,0.65,0.07,0.32,0.44,0.33,0.75,0.89,0.11,0.54,0.29,0.29,0.95,0.2,0.59,0.41,0.17,0.73,0.66,0.49,0.07,-0.38,-0.28,21.0,28.0,6.0,1.0,1.0,0.14,0.14,0.34,0.18,0.97,0.06
S3_446,0.7,0.03,0.01,0.87,0.99,0.7,0.2,0.62,0.55,0.73,0.57,0.97,0.02,0.15,0.27,0.11,0.2,0.45,0.45,0.81,0.49,-0.43,-0.29,32.0,25.0,3.0,2.0,3.0,0.13,0.19,0.8,0.5,0.6,0.82
S3_447,0.78,0.25,0.54,0.62,0.08,0.76,0.48,0.71,0.93,0.86,0.24,0.39,0.31,0.08,0.16,0.33,0.5,0.04,0.22,0.39,0.96,-0.29,-0.29,27.0,26.0,6.0,2.0,2.0,0.1,0.1,0.93,0.47,0.6,0.2
S3_448,0.34,0.42,0.08,0.59,0.84,0.14,0.79,0.99,0.56,0.06,0.27,0.05,0.93,0.42,0.74,0.37,0.16,0.01,0.82,0.12,0.06,-0.19,-0.1,27.0,31.0,7.0,2.0,4.0,0.21,0.21,0.73,0.11,0.48,0.47
S3_449,0.11,0.35,0.16,0.73,0.79,0.69,0.42,0.2,0.76,0.13,0.15,0.82,0.47,0.44,0.76,0.66,0.41,0.1,0.55,0.6,0.92,-0.31,-0.3,24.0,26.0,5.0,3.0,1.0,0.14,0.23,0.74,0.46,0.93,0.39
